:020000040800F2
:1000000000C00020D5300008212B0008292B000853
:10001000312B0008392B0008412B0008000000009C
:10002000000000000000000000000000F19E000839
:10003000492B000800000000D1A0000819A1000809
:100040001D3100081D3100081D3100081D31000858
:100050001D3100081D3100081D3100081D31000848
:100060001D3100081D3100081D310008552B000806
:100070001D3100081D3100081D310008692B0008E2
:100080007D2B00081D3100081D3100081D310008BE
:100090001D3100081D3100081D3100081D31000808
:1000A0001D3100081D3100081D3100081D310008F8
:1000B000912B00081D3100081D3100081D3100087A
:1000C0001D3100081D3100081D3100081D310008D8
:1000D0001D3100081D3100081D3100081D310008C8
:1000E0001D3100081D3100081D3100081D310008B8
:1000F0001D3100081D3100081D3100081D310008A8
:100100001D3100081D3100081D3100081D31000897
:100110001D3100081D310008A52B00081D31000805
:100120001D3100081D3100081D3100081D31000877
:1001300000000000000000000000000000000000BF
:1001400000000000000000000000000000000000AF
:10015000000000000000000000000000000000009F
:10016000000000000000000000000000000000008F
:10017000000000000000000000000000000000007F
:10018000000000000000000000000000000000006F
:10019000000000000000000000000000000000005F
:1001A000000000000000000000000000000000004F
:1001B000000000000000000000000000000000003F
:1001C000000000000000000000000000000000002F
:1001D000000000000000000000000000000000001F
:0401E0005FF8E0F1F3
:1001F00010B5054C237833B9044B13B10448AFF361
:1002000000800123237010BD2002002000000000A8
:1002100060D6000808B5034B1BB103490348AFF390
:10022000008008BD000000002402002060D6000805
:10023000034613F8012B002AFBD1181A0138704726
:1002400081F0004102E000BF83F0004330B54FEA87
:1002500041044FEA430594EA050F08BF90EA020FF4
:100260001FBF54EA000C55EA020C7FEA645C7FEA87
:10027000655C00F0E2804FEA5454D4EB5555B8BFAA
:100280006D420CDD2C4480EA020281EA030382EA1B
:10029000000083EA010180EA020281EA0303362DAD
:1002A00088BF30BD11F0004F4FEA01314FF4801C80
:1002B0004CEA113102D0404261EB410113F0004F92
:1002C0004FEA03334CEA133302D0524263EB430349
:1002D00094EA050F00F0A780A4F10104D5F1200EE7
:1002E0000DDB02FA0EFC22FA05F2801841F1000142
:1002F00003FA0EF2801843FA05F359410EE0A5F116
:1003000020050EF1200E012A03FA0EFC28BF4CF046
:10031000020C43FA05F3C01851EBE37101F00045FC
:1003200007D54FF0000EDCF1000C7EEB00006EEB09
:100330000101B1F5801F1BD3B1F5001F0CD3490893
:100340005FEA30004FEA3C0C04F101044FEA4452EA
:1003500012F5800F80F09A80BCF1004F08BF5FEA71
:10036000500C50F1000041EB045141EA050130BD51
:100370005FEA4C0C404141EB0101013C28BFB1F563
:10038000801FE9D291F0000F04BF01460020B1FAAE
:1003900081F308BF2033A3F10B03B3F120020CDA81
:1003A0000C3208DD02F1140CC2F10C0201FA0CF05F
:1003B00021FA02F10CE002F11402D8BFC2F1200CC4
:1003C00001FA02F120FA0CFCDCBF41EA0C0190407A
:1003D000E41AA2BF01EB0451294330BD6FEA0404C3
:1003E0001F3C1CDA0C340EDC04F11404C4F12002AE
:1003F00020FA04F001FA02F340EA030021FA04F3C0
:1004000045EA030130BDC4F10C04C4F1200220FA16
:1004100002F001FA04F340EA0300294630BD21FA54
:1004200004F0294630BD94F0000F83F4801306BF1A
:1004300081F480110134013D4EE77FEA645C18BF0E
:100440007FEA655C29D094EA050F08BF90EA020FA5
:1004500005D054EA000C04BF1946104630BD91EA9D
:10046000030F1EBF0021002030BD5FEA545C05D1A0
:100470004000494128BF41F0004130BD14F58004DF
:100480003CBF01F5801130BD01F0004545F0FE4153
:1004900041F470014FF0000030BD7FEA645C1ABF88
:1004A000194610467FEA655C1CBF0B46024650EABF
:1004B000013406BF52EA033591EA030F41F40021EB
:1004C00030BD00BF90F0000F04BF0021704730B571
:1004D0004FF4806404F132044FF000054FF0000146
:1004E00050E700BF90F0000F04BF0021704730B507
:1004F0004FF4806404F1320410F0004548BF4042DC
:100500004FF000013EE700BF42004FEAE2014FEA30
:1005100031014FEA02701FBF12F07F4393F07F4F0B
:1005200081F06051704732F07F4208BF704793F00E
:100530007F4F04BF41F40021704730B54FF4607421
:1005400001F0004521F000411CE700BF50EA010224
:1005500008BF704730B54FF000050AE050EA0102CD
:1005600008BF704730B511F0004502D5404261EB3D
:1005700041014FF4806404F132045FEA915C3FF47E
:10058000D8AE4FF003025FEADC0C18BF03325FEA1B
:10059000DC0C18BF033202EBDC02C2F1200300FACC
:1005A00003FC20FA02F001FA03FE40EA0E0021FAF1
:1005B00002F11444BDE600BF70B54FF0FF0C4CF4DF
:1005C000E06C1CEA11541DBF1CEA135594EA0C0F91
:1005D00095EA0C0F00F0DEF82C4481EA030621EACC
:1005E0004C5123EA4C5350EA013518BF52EA033507
:1005F00041F4801143F4801338D0A0FB02CE4FF0B9
:100600000005E1FB02E506F00042E0FB03E54FF0E8
:100610000006E1FB03569CF0000F18BF4EF0010EE0
:10062000A4F1FF04B6F5007F64F5407404D25FEADC
:100630004E0E6D4146EB060642EAC62141EA55518F
:100640004FEAC52040EA5E504FEACE2EB4F1FD0CD1
:1006500088BFBCF5E06F1ED8BEF1004F08BF5FEA4F
:10066000500E50F1000041EB045170BD06F0004601
:1006700046EA010140EA020081EA0301B4EB5C04AE
:10068000C2BFD4EB0C0541EA045170BD41F48011A6
:100690004FF0000E013C00F3AB8014F1360FDEBFCB
:1006A000002001F0004170BDC4F10004203C35DAA7
:1006B0000C341BDC04F11404C4F1200500FA05F32A
:1006C00020FA04F001FA05F240EA020001F00042CB
:1006D00021F0004110EBD37021FA04F642EB060141
:1006E0005EEA430E08BF20EAD37070BDC4F10C046B
:1006F000C4F1200500FA04F320FA05F001FA04F22F
:1007000040EA020001F0004110EBD37041F100011A
:100710005EEA430E08BF20EAD37070BDC4F1200525
:1007200000FA05F24EEA020E20FA04F301FA05F28D
:1007300043EA020321FA04F001F0004121FA04F235
:1007400020EA020000EBD3705EEA430E08BF20EA05
:10075000D37070BD94F0000F0FD101F0004640003F
:1007600041EB010111F4801F08BF013CF7D041EAC1
:10077000060195F0000F18BF704703F000465200C5
:1007800043EB030313F4801F08BF013DF7D043EA96
:100790000603704794EA0C0F0CEA135518BF95EA4C
:1007A0000C0F0CD050EA410618BF52EA4306D1D1D3
:1007B00081EA030101F000414FF0000070BD50EAF2
:1007C000410606BF1046194652EA430619D094EA7C
:1007D0000C0F02D150EA013613D195EA0C0F05D166
:1007E00052EA03361CBF104619460AD181EA0301BA
:1007F00001F0004141F0FE4141F470014FF0000072
:1008000070BD41F0FE4141F4780170BD70B54FF00C
:10081000FF0C4CF4E06C1CEA11541DBF1CEA13558C
:1008200094EA0C0F95EA0C0F00F0A7F8A4EB05046E
:1008300081EA030E52EA03354FEA013100F0888065
:100840004FEA03334FF0805545EA131343EA12632E
:100850004FEA022245EA111545EA10654FEA0026E3
:100860000EF000419D4208BF964244F1FD0404F59C
:10087000407402D25B084FEA3202B61A65EB0305F8
:100880005B084FEA32024FF480104FF4002CB6EBB5
:10089000020E75EB030E22BFB61A754640EA0C0035
:1008A0005B084FEA3202B6EB020E75EB030E22BF75
:1008B000B61A754640EA5C005B084FEA3202B6EBB6
:1008C000020E75EB030E22BFB61A754640EA9C0075
:1008D0005B084FEA3202B6EB020E75EB030E22BF45
:1008E000B61A754640EADC0055EA060E18D04FEA03
:1008F000051545EA16754FEA06164FEAC30343EAA3
:1009000052734FEAC2025FEA1C1CC0D111F4801F6F
:100910000BD141EA00014FF000004FF0004CB6E768
:1009200011F4801F04BF01430020B4F1FD0C88BF07
:10093000BCF5E06F3FF6AFAEB5EB030C04BFB6EB12
:10094000020C5FEA500C50F1000041EB045170BD05
:100950000EF0004E4EEA113114EB5C04C2BFD4EB32
:100960000C0541EA045170BD41F480114FF0000EB6
:10097000013C90E645EA060E8DE60CEA135594EA32
:100980000C0F08BF95EA0C0F3FF43BAF94EA0C0F35
:100990000AD150EA01347FF434AF95EA0C0F7FF4AA
:1009A00025AF104619462CE795EA0C0F06D152EAFE
:1009B00003353FF4FDAE1046194622E750EA4106E2
:1009C00018BF52EA43067FF4C5AE50EA41047FF4F3
:1009D0000DAF52EA43057FF4EBAE12E74FF0FF3C58
:1009E00006E000BF4FF0010C02E000BF4FF0010C29
:1009F0004DF804CD4FEA410C7FEA6C5C4FEA430CA2
:100A000018BF7FEA6C5C1BD001B050EA410C0CBFF0
:100A100052EA430C91EA030F02BF90EA020F002052
:100A2000704710F1000F91EA030F58BF994208BFB9
:100A300090422CBFD8176FEAE37040F00100704776
:100A40004FEA410C7FEA6C5C02D150EA013C07D1CD
:100A50004FEA430C7FEA6C5CD6D152EA033CD3D018
:100A60005DF8040B704700BF8446104662468C4612
:100A70001946634600E000BF01B5FFF7B7FF002845
:100A800048BF10F1000F01BD4DF808EDFFF7F4FF6E
:100A90000CBF012000205DF808FB00BF4DF808EDF9
:100AA000FFF7EAFF34BF012000205DF808FB00BF1C
:100AB0004DF808EDFFF7E0FF94BF012000205DF83E
:100AC00008FB00BF4DF808EDFFF7CEFF94BF0120F3
:100AD00000205DF808FB00BF4DF808EDFFF7C4FFEC
:100AE00034BF012000205DF808FB00BF4FEA410C35
:100AF0007FEA6C5C02D150EA013C0AD14FEA430C18
:100B00007FEA6C5C02D152EA033C02D14FF0000054
:100B100070474FF0010070474FEA410212F5001292
:100B200015D211D56FF47873B3EB625212D94FEA34
:100B3000C12343F0004343EA505311F0004F23FA1E
:100B400002F018BF404270474FF00000704750EA73
:100B5000013005D111F0004008BF6FF00040704730
:100B60004FF00000704700BF4A0011D212F500128A
:100B700011D20DD56FF47873B3EB62520ED44FEAF5
:100B8000C12343F0004343EA505323FA02F0704775
:100B90004FF00000704750EA013002D14FF0FF30B3
:100BA00070474FF00000704780B584B000AF7860A8
:100BB00004F0BEFA0E4B00221A600D4A7B68936067
:100BC0000B4B0122DA600A4B01225A6007F10C0339
:100BD0001946074804F094FB0346002B01D001F0AE
:100BE00075FD04F0CBFA00BF1037BD4680BD00BFD5
:100BF0003C020020B0B582B000AF7860396004F0EC
:100C000097FA3B6800221C46154622462B46796817
:100C1000022004F01DFA0346002B01D001F056FD1E
:100C200004F0ACFA00BF0837BD46B0BD80B582B055
:100C300000AF0346FB71FB79082B11D8FB790A4AF8
:100C400052F83300FB79084ADB0013449988FB799A
:100C5000054ADB0013449B791A4604F08DFD00E041
:100C600000BF0837BD4680BD0000002080B582B0BF
:100C700000AF0346FB71FB79082B11D8FB790A4AB8
:100C800052F83300FB79084ADB0013449988FB795A
:100C9000054ADB001344DB791A4604F06DFD00E0E1
:100CA00000BF0837BD4680BD0000002080B400AF03
:100CB000024B1846BD4680BC704700BF5002002062
:100CC00080B400AF024B1846BD4680BC704700BFE1
:100CD000A003002080B500AF2A48FFF765FF2A4B2C
:100CE00064221A82284B64225A82274B64229A82F9
:100CF000254B6422DA82244B14221A83224B1E22B3
:100D00005A83214B14229A831F4B1E22DA831E4BD7
:100D1000B3F9103019461B48FFF76CFF1A4BB3F9B3
:100D2000123019461948FFF765FF174BB3F9143015
:100D300019461748FFF75EFF134BB3F916301946F3
:100D40001448FFF757FF104BB3F9183019461248F3
:100D5000FFF750FF0C4BB3F91A3019460F48FFF755
:100D600049FF094BB3F91C3019460D48FFF742FF04
:100D7000054BB3F91E3019460A48FFF73BFF00BF89
:100D800080BD00BF00F80308A003002004F803089A
:100D900008F803080CF8030810F8030814F803080F
:100DA00018F803081CF8030880B582B000AF424B66
:100DB0001B881BB2FB80FB884FF6FF72934202D167
:100DC000FFF788FF03E0B7F906203C4B1A823C4B43
:100DD0001B881BB2FB80FB884FF6FF72934202D147
:100DE000FFF778FF03E0B7F90620344B5A82354B02
:100DF0001B881BB2FB80FB884FF6FF72934202D127
:100E0000FFF768FF03E0B7F906202C4B9A822E4BC0
:100E10001B881BB2FB80FB884FF6FF72934202D106
:100E2000FFF758FF03E0B7F90620244BDA82274B7F
:100E30001B881BB2FB80FB884FF6FF72934202D1E6
:100E4000FFF748FF03E0B7F906201C4B1A83204B3D
:100E50001B881BB2FB80FB884FF6FF72934202D1C6
:100E6000FFF738FF03E0B7F90620144B5A83194BFC
:100E70001B881BB2FB80FB884FF6FF72934202D1A6
:100E8000FFF728FF03E0B7F906200C4B9A83124BBB
:100E90001B881BB2FB80FB884FF6FF72934202D186
:100EA000FFF718FF03E0B7F90620044BDA8300BF11
:100EB0000837BD4680BD00BF00F80308A00300202E
:100EC00004F8030808F803080CF8030810F80308EE
:100ED00014F8030818F803081CF8030880B500AFDD
:100EE0003948FFF761FE394B002283F82020374B49
:100EF000012283F82120354B012283F82220334B35
:100F0000012283F82320314B0A2283F824202F4B1F
:100F1000002283F825202D4B002283F826202B4B1E
:100F2000002283F82720294B002283F82820274B12
:100F3000002283F82920254B93F8203019462248B7
:100F4000FFF758FE214B93F8213019462048FFF750
:100F500051FE1E4B93F8223019461E48FFF74AFEF9
:100F60001A4B93F8233019461B48FFF743FE174BE3
:100F700093F8243019461948FFF73CFE134B93F9B8
:100F8000253019461648FFF735FE104B93F92630E9
:100F900019461448FFF72EFE0C4B93F927301946DB
:100FA0001148FFF727FE094B93F9283019460F48DF
:100FB000FFF720FE054B93F8293019460C48FFF740
:100FC00019FE00BF80BD00BF00F00308A003002091
:100FD00004F0030808F003080CF0030810F00308FD
:100FE00014F0030818F003081CF0030820F00308AD
:100FF00024F0030880B582B000AF414B1B78DBB210
:10100000FB80FB88FF2B02D1FFF768FF04E0FB8821
:10101000DAB23C4B83F820203B4B1B78DBB2FB80E1
:10102000FB88FF2B02D1FFF759FF04E0FB88DAB2FF
:10103000344B83F82120354B1B78DBB2FB80FB88D7
:10104000FF2B02D1FFF74AFF04E0FB88DAB22D4BF9
:1010500083F822202E4B1B78DBB2FB80FB88FF2B12
:1010600002D1FFF73BFF04E0FB88DAB2254B83F89F
:101070002320284B1B78DBB2FB80FB88FF2B02D19F
:10108000FFF72CFF04E0FB88DAB21E4B83F8242024
:10109000214B1B785BB2FB80FB885AB2194B83F85B
:1010A00025201E4B1B785BB2FB80FB885AB2154B88
:1010B00083F826201A4B1B785BB2FB80FB885AB260
:1010C000104B83F82720174B1B785BB2FB80FB8803
:1010D0005AB20C4B83F82820134B1B78DBB2FB80F1
:1010E000FB88FF2B02D1FFF7F9FE04E0FB88DAB2A0
:1010F000044B83F8292000BF0837BD4680BD00BFE0
:1011000000F00308A003002004F0030808F003081F
:101110000CF0030810F0030814F0030818F003089B
:101120001CF0030820F0030824F0030880B500AF8A
:101130005448FFF739FD544B00225A85524B002288
:101140009A85514B0022DA854F4B00221A864E4B6E
:1011500000225A864C4B00229A864B4B0022DA869C
:10116000494B00221A87484B96225A87464BB42295
:101170009A87454B9622DA87434BB422A3F8402046
:10118000414B9622A3F842203F4BB422A3F84420BF
:101190003D4B9622A3F846203B4BB422A3F84820AF
:1011A000394BB3F92A3019463648FFF723FD364B41
:1011B000B3F92C3019463548FFF71CFD324BB3F913
:1011C0002E3019463248FFF715FD2F4BB3F930305A
:1011D00019463048FFF70EFD2B4BB3F93230194654
:1011E0002D48FFF707FD284BB3F9343019462B483B
:1011F000FFF700FD244BB3F9363019462848FFF7B6
:10120000F9FC214BB3F9383019462648FFF7F2FCB8
:101210001D4BB3F93A3019462348FFF7EBFC1A4B44
:10122000B3F93C3019462148FFF7E4FC164BB3F9FB
:101230003E3019461E48FFF7DDFC134BB3F9403032
:1012400019461C48FFF7D6FC0F4BB3F9423019463C
:101250001948FFF7CFFC0C4BB3F944301946174837
:10126000FFF7C8FC084BB3F9463019461448FFF79E
:10127000C1FC054BB3F9483019461248FFF7BAFCD8
:1012800000BF80BD00E80308A003002004E80308B5
:1012900008E803080CE8030810E8030814E803084A
:1012A00018E803081CE8030820E8030824E80308FA
:1012B00028E803082CE8030830E8030834E80308AA
:1012C00038E803083CE8030880B582B000AF684BFB
:1012D0001B88FB80FB884FF6FF72934202D1FFF719
:1012E00025FF03E0B7F90620624B5A85624B1B8845
:1012F0001BB2FB80B7F906205E4B9A855F4B1B88BB
:101300001BB2FB80B7F906205A4BDA855C4B1B8871
:101310001BB2FB80B7F90620564B1A86594B1B8827
:101320001BB2FB80B7F90620524B5A86564B1B88DE
:101330001BB2FB80B7F906204E4B9A86534B1B8895
:101340001BB2FB80B7F906204A4BDA86504B1B884C
:101350001BB2FB80B7F90620464B1A874D4B1B8802
:101360001BB2FB80FB884FF6FF72934202D1FFF75E
:10137000DDFE03E0B7F906203E4B5A87464B1B883B
:101380001BB2FB80FB884FF6FF72934202D1FFF73E
:10139000CDFE03E0B7F90620364B9A873F4B1B88FA
:1013A0001BB2FB80FB884FF6FF72934202D1FFF71E
:1013B000BDFE03E0B7F906202E4BDA87384B1B88B9
:1013C0001BB2FB80FB884FF6FF72934202D1FFF7FE
:1013D000ADFE04E0B7F90620264BA3F84020314BC0
:1013E0001B881BB2FB80FB884FF6FF72934202D131
:1013F000FFF79CFE04E0B7F906201E4BA3F842203D
:10140000294B1B881BB2FB80FB884FF6FF7293426F
:1014100002D1FFF78BFE04E0B7F90620154BA3F8C5
:101420004420224B1B881BB2FB80FB884FF6FF72C7
:10143000934202D1FFF77AFE04E0B7F906200D4B84
:10144000A3F846201A4B1B881BB2FB80FB884FF683
:10145000FF72934202D1FFF769FE04E0B7F906205C
:10146000044BA3F8482000BF0837BD4680BD00BF2D
:1014700000E80308A003002004E8030808E80308C4
:101480000CE8030810E8030814E8030818E8030848
:101490001CE8030820E8030824E8030828E80308F8
:1014A0002CE8030830E8030834E8030838E80308A8
:1014B0003CE8030880B500AF5B48FFF775FB5B4B6A
:1014C0004FF4FA72A3F84A20584B0022A3F84C209C
:1014D000564B0022A3F85020544B0022A3F84E2074
:1014E000524B0022A3F85220504B0022A3F8542064
:1014F0004E4B0022A3F856204C4B0022A3F8582054
:101500004A4B4FF4FA72A3F85A20484B0022A3F832
:101510005C20464B0022A3F86020444B0022A3F835
:101520005E20424B0022A3F86220404B0022A3F829
:1015300064203E4B0022A3F866203C4B0022A3F817
:1015400068203A4BB3F84A3019463748FFF752FB48
:10155000364BB3F94C3019463548FFF74BFB334B4C
:10156000B3F84E3019463348FFF744FB2F4BB3F81E
:10157000503019463048FFF73DFB2C4BB3F8523042
:1015800019462E48FFF736FB284BB3F8543019465E
:101590002B48FFF72FFB254BB3F856301946294847
:1015A000FFF728FB214BB3F8583019462648FFF7C0
:1015B00021FB1E4BB3F85A3019462448FFF71AFB9B
:1015C0001A4BB3F95C3019462148FFF713FB174B50
:1015D000B3F85E3019461F48FFF70CFB134BB3F806
:1015E000603019461C48FFF705FB104BB3F862301A
:1015F00019461A48FFF7FEFA0C4BB3F86430194647
:101600001748FFF7F7FA094BB3F866301946154843
:10161000FFF7F0FA054BB3F8683019461248FFF7A8
:10162000E9FA00BF80BD00BF00E00308A00300206E
:1016300004E0030808E003080CE0030810E00308D6
:1016400014E0030818E003081CE0030820E0030886
:1016500024E0030828E003082CE0030830E0030836
:1016600034E0030838E003083CE0030880B582B0AA
:1016700000AF734B1B88FB80FB884FF6FF729342D1
:1016800002D1FFF717FF03E06E4AFB88A2F84A3049
:101690006D4B1B88FB80B7F906206A4BA3F84C20E2
:1016A0006A4B1B88FB80FB884FF6FF72934202D186
:1016B000FFF700FF03E0634AFB88A2F84E30644B5B
:1016C0001B88FB80FB884FF6FF72934202D1FFF725
:1016D000F1FE03E05B4AFB88A2F850305D4B1B88AB
:1016E000FB80FB884FF6FF72934202D1FFF7E2FEC8
:1016F00003E0544AFB88A2F85230574B1B88FB800A
:10170000FB884FF6FF72934202D1FFF7D3FE03E04E
:101710004C4AFB88A2F85430504B1B88FB80FB8856
:101720004FF6FF72934202D1FFF7C4FE03E0454A31
:10173000FB88A2F856304A4B1B88FB80FB884FF68B
:10174000FF72934202D1FFF7B5FE03E03D4AFB88EA
:10175000A2F85830434B1B88FB80FB884FF6FF7282
:10176000934202D1FFF7A6FE03E0364AFB88A2F8B7
:101770005A303D4B1B88FB80B7F90620314BA3F84C
:101780005C203A4B1B88FB80FB884FF6FF7293422C
:1017900002D1FFF78FFE03E02A4AFB88A2F85E30F1
:1017A000334B1B88FB80FB884FF6FF72934202D1BC
:1017B000FFF780FE03E0234AFB88A2F860302D4B40
:1017C0001B88FB80FB884FF6FF72934202D1FFF724
:1017D00071FE03E01B4AFB88A2F86230264B1B888F
:1017E000FB80FB884FF6FF72934202D1FFF762FE47
:1017F00003E0144AFB88A2F86430204B1B88FB806E
:10180000FB884FF6FF72934202D1FFF753FE03E0CD
:101810000C4AFB88A2F86630194B1B88FB80FB88BA
:101820004FF6FF72934202D1FFF744FE03E0054AF0
:10183000FB88A2F8683000BF0837BD4680BD00BFF6
:1018400000E00308A003002004E0030808E0030808
:101850000CE0030810E0030814E0030818E0030894
:101860001CE0030820E0030824E0030828E0030844
:101870002CE0030830E0030834E0030838E00308F4
:101880003CE0030880B500AFFFF78EFAFFF7B2FB2C
:10189000FFF71AFDFFF7EAFE00BF80BD80B485B0F8
:1018A00000AF786039607B681B88FB813B681B88D0
:1018B000BB81FA89BB899A4202D24FF0FF3306E01E
:1018C000FA89BB899A4201D9012300E00023184616
:1018D0001437BD4680BC7047B0B584B000AF7860A7
:1018E000FFF7EEF90346BB60614B1B78032B00F258
:1018F000B48101A252F823F0091900082B1900083D
:1019000077190008611A00087B684833C822002153
:10191000184609F07CFD574B00221A70544B1B7877
:101920000133DAB2524B1A7097E1524B1B781A46C8
:10193000514B1B8899B27B68243223F812104D4B0F
:101940001B781A464C4B5B8899B27B68563223F859
:101950001210484B1B780133DAB2464B1A70454BD4
:101960001B78312B40F27881414B1B780133DAB27E
:101970003F4B1A7070E17B6803F148003F4B022235
:10198000322108F064FE7B6803F1AC003B4B02227D
:10199000322108F05CFE7B68B3F878301A467B6829
:1019A000B3F87A3013447A68B2F87C2013447A682A
:1019B000B2F87E2013441846FEF794FD4FF0000263
:1019C0002F4BFEF723FF02460B46104619464FF0F9
:1019D00000022C4BFEF71AFF02460B461046194632
:1019E00021A3D3E90023FEF7E7FD02460B46796801
:1019F000C1E944237B68B3F8DC301A467B68B3F84E
:101A0000DE3013447A68B2F8E02013447A68B2F802
:101A1000E22013441846FEF765FD4FF00002184B14
:101A2000FEF7F4FE02460B46104619464FF0000240
:101A3000144BFEF7EBFE02460B46104619460AA36E
:101A4000D3E90023FEF7B8FD02460B467968C1E9E9
:101A50004623074B1B780133DAB2054B1A70FCE0C2
:101A60000023FB7355E000BF6666666666660A4043
:101A70001404002015040020100400209D18000804
:101A8000000010400000B040FB7B7A682233DB008E
:101A90001344D3E9000174A3D3E90023FEF78CFDBE
:101AA00002460B4610461946FB7B7A682233DB0060
:101AB0001344D3E90023FEF77FFD02460B4614468C
:101AC0001D46FB7B7A682233DB001344D3E9000117
:101AD00067A3D3E90023FEF76FFD02460B462046BD
:101AE0002946FEF7B3FB02460B4610461946FC7B1F
:101AF00061A3D3E90023FEF7A7FB02460B467868F3
:101B000004F12401C9000144C1E90023FB7B013336
:101B1000FB73FB7B012BB7D97B68D3E948014FF0FE
:101B20000002574BFEF748FD02460B461046194689
:101B30004FF00002534BFEF787FB02460B4614465C
:101B40001D46BB68B3F84A301846FEF7BBFC4FF0A1
:101B500000024D4BFEF75AFE02460B462046294630
:101B6000FEF72AFD02460B467968C1E94C237B68E3
:101B7000D3E94C014FF00002434BFEF71DFD024636
:101B80000B4614461D46BB68B3F94C301846FEF7A9
:101B9000A9FC02460B4620462946FEF757FB0246A3
:101BA0000B4610461946FEF7DFFF03469AB27B68E4
:101BB000A3F840217B68D3E94A014FF00002304B83
:101BC000FEF7FAFC02460B46104619464FF000029B
:101BD0002C4BFEF739FB02460B4614461D46BB68EC
:101BE000B3F85A301846FEF76DFC4FF00002264B52
:101BF000FEF70CFE02460B4620462946FEF7DCFCAB
:101C000002460B467968C1E94E237B68D3E94E0151
:101C10004FF000021C4BFEF7CFFC02460B46144669
:101C20001D46BB68B3F95C301846FEF75BFC024604
:101C30000B4620462946FEF709FB02460B46104696
:101C40001946FEF791FF03469AB27B68A3F842213A
:101C50000E4B00221A7000E000BF00BF1037BD46D7
:101C6000B0BD00BFAFF300804C37894160E5B0BF25
:101C700037894160E5902440E09C11A5BDC1A73F94
:101C80000000B03F0000D03F000059401404002085
:101C900080B584B000AF7860FFF708F80346FB60BA
:101CA000074802F007FD02220649054802F00EFA35
:101CB000F868FFF711FE012005F0D6FE00BFF7E738
:101CC000780400201004002080B500AF044A0021F1
:101CD000044805F01FFE0346034A136000BF80BDA1
:101CE000C0D60008911C00080C04002080B582B00A
:101CF00000AF03460A46FB711346BB80FB79012BFC
:101D00000AD10820FEF792FF074B1B68BA881146DC
:101D1000184605F071FF02E00820FEF7A7FF00BF9C
:101D20000837BD4680BD00BF1C04002080B586B0CA
:101D300000AF78600B46FB707B68D3E94C231046FC
:101D40001946FEF711FF03469BB21A4AA2FB032372
:101D50005B099BB207F10C00174A0A2109F0E0FA6F
:101D600007F10C031A460021144802F030F87B6892
:101D7000D3E94C2310461946FEF7F6FE03469BB204
:101D80000C4AA2FB03125209642101FB02F29B1AC6
:101D90009BB207F10C00084A0A2109F0C1FA07F1C9
:101DA0000C031A460021064802F011F800BF18374C
:101DB000BD4680BD1F85EB5198D600084804002021
:101DC0002004002080B586B000AF78603960002321
:101DD000FB6007F1100300221A609A807B68D3E948
:101DE000442310461946FEF7BFFE03469BB21A4A2B
:101DF000A2FB03235B099BB207F10C00174A0A21DF
:101E000009F08EFA07F10C031A460121144801F07B
:101E1000DEFF7B68D3E9442310461946FEF7A4FE93
:101E200003469BB20C4AA2FB03125209642101FB38
:101E300002F29B1A9BB207F10C00084A0A2109F032
:101E40006FFA07F10C031A460121064801F0BFFFA3
:101E500000BF1837BD4680BD1F85EB5198D60008DE
:101E6000200400204804002080B582B000AF7860D4
:101E700039603B681B78012B51D12B4B1B78002B11
:101E800002D0012B0CD04AE002F02CF80346274A7E
:101E90001360254B1B780133DAB2234B1A703EE0F6
:101EA00002F020F80246214B1B68D31AB3F5FA7FE3
:101EB00034D302F017F803461C4A13603B6893F8CA
:101EC0002030002B03D11A4B00221A701CE03B6813
:101ED00093F82030012B03D1154B01221A7013E027
:101EE000144B1B780133DAB2124B1A70114B1B786A
:101EF000042B09D90F4B00221A700D4B1B7883F06D
:101F00000103DAB20A4B1A70094B1B78194678683C
:101F1000FFF70CFF39687868FFF754FF00BF00BF78
:101F20000837BD4680BD00BF720400207404002045
:101F3000700400207104002080B500AF184B194ACE
:101F40009A60174B4FF480729A81154B154A1A60AC
:101F5000134B4FF400729A80114B134A1A61104BC5
:101F60004FF480429A820E4801F0D9F80F4B104A84
:101F70009A600E4B4FF400629A810C4B0C4A1A6027
:101F80000A4B4FF480529A80084B074A1A61074B5C
:101F90004FF400429A82054801F0C1F800BF80BDAD
:101FA00020040020000C01400010014048040020E3
:101FB0000008014080B584B000AF7860FEF776FE7F
:101FC0000346FB60FEF77CFE0346BB600023012254
:101FD0000021084805F08CFD0346074A1360FFF70F
:101FE000ABFFB968F868FFF73FFF0A2005F03CFD3A
:101FF00000BFF6E7212000081C04002080B500AFD8
:10200000044A0021044805F085FC0346034A136096
:1020100000BF80BDE4D60008B51F000818040020EA
:1020200080B584B000AF78607B68FB60FB68012BF3
:1020300003D100210020FFF759FE00BF1037BD4635
:1020400080BD000080B584B000AF3B1D00221A6047
:102050005A609A60204B214A1A601F4B4FF48072DD
:102060009A601D4B01221A731B4B00221A751A4BE2
:102070004FF46022DA61184B00225A60164B02229C
:102080001A61154801F038FF0346002B01D000F01B
:102090001DFB00237B600123BB600723FB603B1D0E
:1020A00019460D4802F00CF90346002B01D000F050
:1020B0000DFB01237B600223BB603B1D19460648D4
:1020C00002F0FEF80346002B01D000F0FFFA00BF3B
:1020D0001037BD4680BD00BF7804002000240140B9
:1020E00080B588B000AF786007F1100300221A6055
:1020F0005A609A60DA607B681B68284A934249D12B
:10210000274B9B69264A43F400739361244B9B69D8
:1021100003F40073FB60FB68214B9B69204A43F08A
:10212000040393611E4B9B6903F00403BB60BB680F
:1021300003233B6103237B6107F110031946194810
:1021400003F086F9184B194A1A60174B00225A609F
:10215000154B00229A60144B8022DA60124B4FF428
:1021600080721A61104B4FF480625A610E4B20222C
:102170009A610D4B0022DA610B4802F029FC0346FC
:10218000002B01D000F0A2FA7B68074A1A62064AC7
:102190007B68536200BF2037BD4680BD00240140EC
:1021A0000010024000080140A8040020080002407E
:1021B00080B582B000AF144B5B69134A43F0010352
:1021C0005361114B5B6903F001037B607B68002264
:1021D00005210B2002F0D1FB0B2002F0EAFB0022CC
:1021E00005210F2002F0C9FB0F2002F0E2FB0022C4
:1021F0000521102002F0C1FB102002F0DAFB00BF25
:102200000837BD4680BD00BF0010024080B500AF5A
:10221000074A0021074805F07DFB0346064A136084
:10222000FFF730FBFFF750FDFFF7E8FE00BF80BD72
:1022300008D700083D220008EC04002080B582B0D9
:1022400000AF78600421044803F0AEFA4FF4FA704E
:1022500005F00AFC00BFF5E7000C014080B588B02E
:1022600000AF07F1100300221A605A609A60DA602A
:102270004E4B9B694D4A43F0100393614B4B9B6956
:1022800003F01003FB60FB68484B9B69474A43F02F
:1022900020039361454B9B6903F02003BB60BB683F
:1022A000424B9B69414A43F0040393613F4B9B6956
:1022B00003F004037B607B683C4B9B693B4A43F023
:1022C00008039361394B9B6903F008033B603B684B
:1022D00000224FF44041364803F04EFA012240F20A
:1022E000BC71334803F048FA002241F6100131482E
:1022F00003F042FA01224FF4E0712E4803F03CFA59
:10230000002240F205312C4803F036FA0122022166
:10231000294803F031FA43F643033B6100237B6114
:102320000023BB6107F110031946214803F090F820
:102330004CF2BC733B6101237B610023BB61022330
:10234000FB6107F110031946194803F081F841F6C3
:10235000D0133B6101237B610023BB610223FB613E
:1023600007F110031946134803F072F840F20733DF
:102370003B6101237B610023BB610223FB6107F109
:10238000100319460C4803F063F84FF400433B6117
:1023900000237B610023BB6107F110031946054848
:1023A00003F056F800BF2037BD4680BD0010024044
:1023B0000010014000080140000C014080B500AF52
:1023C000124B134A1A60114B124A5A600F4B0022EB
:1023D0009A600E4B0022DA600C4B4FF480421A6177
:1023E0000A4B00225A61094B00229A61074B0022D6
:1023F000DA61064B00221A62044803F0EFF9034643
:10240000002B01D000F062F900BF80BDF004002075
:1024100000540040A086010080B500AF124B134A63
:102420001A60114B124A5A600F4B00229A600E4BF1
:102430000022DA600C4B4FF480421A610A4B0022F2
:102440005A61094B00229A61074B0022DA61064B60
:1024500000221A62044803F0C1F90346002B01D0A0
:1024600000F034F900BF80BD440500200058004052
:10247000A086010080B58AB000AF786007F118032C
:1024800000221A605A609A60DA607B681B682B4AE7
:10249000934224D12A4B9B69294A43F00803936154
:1024A000274B9B6903F008037B617B69C023BB61F9
:1024B0001223FB6103237B6207F1180319462148AD
:1024C00002F0C6FF1E4BDB691D4A43F40013D361C3
:1024D0001B4BDB6903F400133B613B6929E07B681C
:1024E0001B68194A934224D1154B9B69144A43F047
:1024F00008039361124B9B6903F00803FB60FB68C0
:102500004FF44063BB611223FB6103237B6207F13D
:10251000180319460B4802F09BFF094BDB69084A78
:1025200043F48003D361064BDB6903F48003BB6093
:10253000BB6800BF2837BD4680BD00BF00540040C7
:1025400000100240000C01400058004080B500AF70
:1025500001F0A0FC00F01EF8FFF780FEFFF728FE58
:10256000FFF770FDFFF72AFFFFF756FF00F058F95D
:1025700000F05CFC00F084FC00F01CF900F0E4FBCF
:1025800000F0AAF805F060F9FFF740FE05F08EF9BB
:1025900000BFFDE780B596B000AF07F130032822F9
:1025A0000021184608F033FF07F11C0300221A60CF
:1025B0005A609A60DA601A613B1D00221A605A6004
:1025C0009A60DA601A615A6109233B634FF48033E1
:1025D0007B630023BB6301233B640123BB640223B1
:1025E000FB644FF480333B654FF4E0137B6507F1E8
:1025F0003003184603F042FA0346002B01D000F0E6
:1026000065F80F23FB6102233B6200237B624FF4DA
:102610008063BB620023FB6207F11C0302211846A2
:1026200003F0AEFC0346002B01D000F04FF803236B
:102630007B604FF40073BB604FF40043FB603B1DB5
:10264000184603F05BFE0346002B01D000F03EF875
:1026500000BF5837BD4680BD80B400AF0D4B1B781E
:10266000DBB2002B06D00B4B1B78DBB2013BDAB29E
:10267000084B1A70084B1B78DBB2002B06D0064BB8
:102680001B78DBB2013BDAB2034B1A7000BFBD46C8
:1026900080BC7047980500209905002080B582B065
:1026A00000AF78607B681B68074A934201D101F054
:1026B00007FC7B681B68B3F1804F01D1FFF7CCFFAB
:1026C00000BF0837BD4680BD0010004080B400AF99
:1026D00072B600BF00BFFDE780B582B000AF3B1D02
:1026E00000210A461A800A469A7000233B601D4B5F
:1026F0001D4A1A601B4B4FF0FF325A60194B4FF4C2
:1027000080729A60174803F087FF0346002B01D0C0
:10271000FFF7DCFF00233B7100237B710023BB71BB
:102720003B1D012219460F4804F002F80346002B16
:1027300001D0FFF7CBFF01233B7001237B70012306
:10274000BB700023FB703B4601221946054804F08C
:1027500087F80346002B01D0FFF7B8FF00BF08370A
:10276000BD4680BD9C0500200028004080B584B097
:1027700000AF78607B681B680B4A934210D103F06E
:1027800071F90A4BDB69094A43F00063D361074BD7
:10279000DB6903F00063FB60FB68054B01221A60F4
:1027A00000BF1037BD4680BD002800400010024029
:1027B0003C04424280B500AF174B184A1A60164BD2
:1027C0004FF482725A60144B00229A60124B00221E
:1027D000DA60114B00221A610F4B01225A610E4B35
:1027E0004FF400729A610C4B2022DA610A4B0022EE
:1027F0001A62094B00225A62074B00229A62064B6A
:102800000A22DA62044804F08BFA0346002B01D056
:10281000FFF75CFF00BF80BDB00500200030014025
:1028200080B500AF174B184A1A60164B4FF48272EE
:102830005A60144B00229A60124B0022DA60114B4E
:1028400000221A610F4B00225A610E4B4FF4802276
:102850009A610C4B0822DA610A4B00221A62094B7A
:1028600000225A62074B00229A62064B0A22DA6261
:10287000044804F055FA0346002B01D0FFF726FF69
:1028800000BF80BD080600200038004080B58CB035
:1028900000AF786007F11C0300221A605A609A604A
:1028A000DA607B681B683E4A93423ED13D4B9B6990
:1028B0003C4A43F4805393613A4B9B6903F4805341
:1028C000BB61BB69374B9B69364A43F00803936190
:1028D000344B9B6903F008037B617B692823FB6110
:1028E00002233B620323BB6207F11C0319462E48F7
:1028F00002F0AEFD1023FB6100233B6200237B62EC
:1029000007F11C031946284802F0A2FD274B5B681B
:10291000FB62FB6A43F0E063FB62FB6A43F0010386
:10292000FB62224AFB6A536036E07B681B68204AE0
:10293000934231D11B4BDB691A4A43F48043D36184
:10294000184BDB6903F480433B613B69154B9B6982
:10295000144A43F008039361124B9B6903F0080388
:10296000FB60FB684FF43043FB6102233B620323AF
:10297000BB6207F11C0319460B4802F069FD4FF4D6
:102980008043FB6100233B6200237B6207F11C0351
:102990001946054802F05CFD00BF3037BD4680BDDA
:1029A0000030014000100240000C014000000140D6
:1029B0000038004080B584B000AF184B9B69174ABF
:1029C00043F001039361154B9B6903F00103BB6066
:1029D000BB68124BDB69114A43F08053D3610F4B44
:1029E000DB6903F080537B607B6800220F216FF06E
:1029F000010001F0C2FF0A4B5B68FB60FB6823F03B
:102A0000E063FB60FB6843F00073FB60044AFB6813
:102A1000536000BF1037BD4680BD00BF00100240AC
:102A20000000014080B58EB000AF78600023FB62EB
:102A30000023BB62002387F83330344BDB69334A11
:102A400043F01003D361314BDB6903F01003FB60EB
:102A5000FB6807F1100207F114031146184603F052
:102A6000FFFB3B6AFB62FB6A002B03D103F0D0FB48
:102A7000786304E003F0CCFB03465B007B637B6B75
:102A8000234AA2FB03239B0C013BBB62214B224A3E
:102A90001A60204B40F2E732DA601E4ABB6A53608C
:102AA0001C4B00221A611B4B00229A60194B00221A
:102AB0009A61184804F0B8F9034687F8333097F85C
:102AC0003330002B1BD1134804F0FEF9034687F87E
:102AD000333097F83330002B11D1362001F069FFE5
:102AE0007B680F2B08D800227968362001F045FF5B
:102AF0000A4A7B68136002E0012387F8333097F8B5
:102B0000333018463837BD4680BD00BF0010024044
:102B100083DE1B4360060020001000404C000020B4
:102B200080B400AF00BFFDE780B400AF00BFFDE799
:102B300080B400AF00BFFDE780B400AF00BFFDE789
:102B400080B400AF00BFFDE780B400AF00BFBD465A
:102B500080BC704780B500AF024802F00FF800BF9C
:102B600080BD00BFA804002080B500AF024802F07D
:102B700005F800BF80BD00BF8407002080B500AF0E
:102B8000024801F0FBFF00BF80BD00BFC807002066
:102B900080B500AF024804F0F7F900BF80BD00BF68
:102BA000AC06002080B500AF024804F0EDF900BF8C
:102BB00080BD00BF6006002080B400AF012318462E
:102BC000BD4680BC704780B582B000AF7860396088
:102BD00008F0C6FC034616221A604FF0FF33184671
:102BE0000837BD4680BD80B582B000AF78604FF039
:102BF000FF317868FFF7E7FF00BFFDE780B586B0DB
:102C000000AFF860B9607A6000237B610AE0AFF33F
:102C100000800146BB685A1CBA60CAB21A707B6950
:102C200001337B617A697B689A42F0DB7B681846E6
:102C30001837BD4680BD80B586B000AFF860B9607A
:102C40007A6000237B6109E0BB685A1CBA601B787C
:102C50001846AFF300807B6901337B617A697B683A
:102C60009A42F1DB7B6818461837BD4680BD80B4B8
:102C700083B000AF78604FF0FF3318460C37BD4685
:102C800080BC704780B483B000AF786039603B6827
:102C90004FF400525A60002318460C37BD4680BCE2
:102CA000704780B483B000AF7860012318460C37BA
:102CB000BD4680BC704780B485B000AFF860B96095
:102CC0007A60002318461437BD4680BC7047000068
:102CD00080B586B000AF7860144A154BD31A7B617B
:102CE0007B693B61134B1B68002B02D1114B124ACD
:102CF0001A60104B1A687B6813443A699A4207D2EB
:102D000008F02EFC03460C221A604FF0FF3309E056
:102D1000084B1B68FB60074B1A687B681344054A25
:102D20001360FB6818461837BD4680BD00C0002000
:102D300000160000A80600206047002080B400AF05
:102D400000BFBD4680BC704780B586B000AF07F1BC
:102D5000080300221A605A609A60DA603B4600223B
:102D60001A605A601E4B4FF080421A601C4B40F2B2
:102D7000CF225A601A4B00229A60194B40F2E73278
:102D8000DA60174B00221A61154B00229A61144831
:102D900004F04AF80346002B01D0FFF797FC4FF4EC
:102DA0008053BB6007F1080319460D4804F0F4F99D
:102DB0000346002B01D0FFF789FC00233B60002372
:102DC0007B603B461946064804F0E2FB0346002BB5
:102DD00001D0FFF77BFC00BF1837BD4680BD00BFA8
:102DE000AC06002080B584B000AF78607B681B68BB
:102DF000B3F1804F13D10C4BDB690B4A43F0010355
:102E0000D361094BDB6903F00103FB60FB6800221F
:102E100005211C2001F0B1FD1C2001F0CAFD00BFFE
:102E20001037BD4680BD00BF0010024080B500AF26
:102E3000114B124A1A60104B4FF4E1325A600E4B9C
:102E400000229A600C4B0022DA600B4B00221A61C0
:102E5000094B0C225A61084B00229A61064B002252
:102E6000DA61054804F012FC0346002B01D0FFF79D
:102E70002DFC00BF80BD00BFF406002000380140DB
:102E800080B582B000AF244B1B78DBB2FB80FB889F
:102E9000FF2B1CD0FB88012B04D1204B4FF4165282
:102EA0005A6018E0FB88022B04D11C4B4FF41642E9
:102EB0005A6010E0FB88032B04D1184B4FF4E13229
:102EC0005A6008E0154B4FF416525A6003E0134B5A
:102ED0004FF416525A60114B114A1A600F4B0022E0
:102EE0009A600E4B0022DA600C4B00221A610B4BE9
:102EF0000C225A61094B00229A61084B0022DA61C8
:102F0000064804F0C3FB0346002B01D0FFF7DEFBAD
:102F100000BF0837BD4680BD08F003083C0700200D
:102F20000044004080B58AB000AF786007F1180314
:102F300000221A605A609A60DA607B681B685D4AFA
:102F4000934258D15C4B9B695B4A43F48043936145
:102F5000594B9B6903F480437B617B69564B9B69AA
:102F6000554A43F004039361534B9B6903F00403F8
:102F70003B613B694FF40073BB610223FB61032398
:102F80007B6207F1180319464C4802F061FA4FF4CE
:102F90008063BB610023FB6100233B6207F11803E0
:102FA0001946464802F054FA454B464A1A60444BCB
:102FB00000225A60424B00229A60414B8022DA6024
:102FC0003F4B00221A613E4B00225A613C4B2022AB
:102FD0009A613B4B0022DA61394801F0F9FC034663
:102FE000002B01D0FFF772FB7B68354ADA63344A65
:102FF0007B6853625AE07B681B68334A934255D121
:103000002D4BDB692C4A43F40033D3612A4BDB6937
:1030100003F40033FB60FB68274B9B69264A43F0AF
:1030200004039361244B9B6903F00403BB60BB68FA
:103030000423BB610223FB6103237B6207F11803B6
:1030400019461E4802F004FA0823BB610023FB6105
:1030500000233B6207F118031946184802F0F8F9FB
:103060001A4B1B4A1A60194B00225A60174B002258
:103070009A60164B8022DA60144B00221A61134BBF
:1030800000225A61114B20229A61104B0022DA6112
:103090000E4801F09DFC0346002B01D0FFF716FB04
:1030A0007B680A4ADA63094A7B68536200BF2837A3
:1030B000BD4680BD003801400010024000080140BC
:1030C000840700205800024000440040C807002048
:1030D0006C000240FFF732FE0B480C490C4A0023FB
:1030E00002E0D458C4500433C4188C42F9D3094ABE
:1030F000094C002301E013600432A242FBD308F024
:1031000035FAFFF723FA7047000000202002002064
:10311000E8DA0008200200205C470020FEE780B5C6
:1031200084B000AF78607B6818697B689B8A012255
:10313000194602F021FB7B6898687B689B89012215
:10314000194602F019FB7B6818687B689B8801228E
:10315000194602F011FB012004F086FC4421786836
:1031600000F029F88721786800F025F87B68186955
:103170007B689B8A0022194602F0FEFA00217868DB
:1031800000F038F80023FB6006E00021786800F0CA
:1031900031F8FB680133FB60FB680F2BF5DD7B68C2
:1031A00018697B689B8A0122194602F0E5FA00BF84
:1031B0001037BD4680BD80B582B000AF78600B4649
:1031C000FB707B6818697B689B8A0022194602F0B5
:1031D000D3FAFB781946786800F00CF87B68186918
:1031E0007B689B8A0122194602F0C6FA00BF0837A5
:1031F000BD4680BD80B584B000AF78600B46FB70E3
:103200000023FB6023E07B6898687B689B89002231
:10321000194602F0B1FA7B6818687B689988FB78D8
:1032200003F00103DBB21A4602F0A6FAFB785B0852
:10323000FB707B6898687B689B890122194602F0C5
:103240009BFA012004F010FCFB680133FB60FB6873
:10325000072BD8DD00BF00BF1037BD4680BD80B54D
:1032600084B000AF78600B46FB707B6818687B68A1
:103270009B880122194602F07FFA7B6818697B68F7
:103280009B8A0122194602F077FA7B6898687B686E
:103290009B890122194602F06FFA012000F08BF899
:1032A0007B6818697B689B8A0122194602F064FAE0
:1032B0004021786800F038F87B6818697B689B8A41
:1032C0000122194602F058FAC021786800F02CF863
:1032D0000023FB730CE07B6803F11702FB7B1344B4
:1032E0001B781946786800F01FF8FB7B0133FB73ED
:1032F000FB7B0F2BEFD97B6818697B689B8A0122C7
:10330000194602F039FAFB781946786800F00CF893
:103310007B6818697B689B8A0122194602F02CFAA7
:1033200000BF1037BD4680BD80B584B000AF786067
:103330000B46FB707B6818697B689B8A00221946E4
:1033400002F01AFA0023FB732BE07B6898687B6815
:103350009B890022194602F00FFAFA78FB7B42FAA9
:1033600003F303F00103002B08D07B6818687B6827
:103370009B880122194602F0FFF907E07B68186874
:103380007B689B880022194602F0F6F97B689868F2
:103390007B689B890122194602F0EEF9FB7B013321
:1033A000FB73FB7B072BD0D9012000F004F800BF92
:1033B0001037BD4680BD80B483B000AF786002E0B6
:1033C0007B68013B7B607B68002BF9DC00BF00BFA2
:1033D0000C37BD4680BC704780B483B000AF034655
:1033E000FB71FB792D3B4C2B00F20C8101A252F8B2
:1033F00023F000BF01360008053600080536000836
:10340000293500082D35000831350008353500080C
:10341000393500083D3500084135000845350008BC
:10342000493500084D350008053600080536000806
:103430000536000805360008053600080536000880
:103440000536000851350008593500086135000877
:1034500069350008713500087935000881350008A4
:1034600089350008913500089935000805360008AF
:10347000A1350008A9350008B1350008B9350008A4
:10348000C1350008C9350008D1350008D935000814
:10349000E1350008E935000805360008F135000877
:1034A00005360008F935000805360008053600081D
:1034B0000536000805360008053600080536000800
:1034C00005360008553500085D35000865350008EB
:1034D0006D350008753500087D3500088535000814
:1034E0008D350008953500089D3500080536000823
:1034F000A5350008AD350008B5350008BD35000814
:10350000C5350008CD350008D5350008DD35000883
:10351000E5350008ED35000805360008F5350008EA
:1035200005360008FD3500083F236CE006236AE0FD
:103530005B2368E04F2366E0662364E06D2362E06E
:103540007D2360E007235EE07F235CE06F235AE089
:10355000772358E0772356E07C2354E07C2352E025
:10356000392350E058234EE05E234CE05E234AE0CE
:10357000792348E0792346E0712344E0712342E057
:103580003D2340E03D233EE076233CE074233AE0D7
:10359000302338E0302336E01E2334E01E2332E0AF
:1035A000382330E038232EE055232CE055232AE041
:1035B000372328E0542326E03F2324E05C2322E045
:1035C000732320E073231EE067231CE067231AE0C7
:1035D000502318E0502316E06D2314E06D2312E011
:1035E000782310E078230EE03E230CE01C230AE051
:1035F0006A2308E06A2306E06E2304E06E2302E0FB
:10360000402300E0002318460C37BD4680BC7047BD
:1036100080B485B000AF0346B9607A60FB73FB7B72
:10362000002B00F0EA817B681B78DB005BB203F0C3
:1036300008035AB2BB681B785BB223F008035BB285
:1036400013435BB2DAB2BB681A707B681B789B00CD
:103650005BB203F008035AB2BB6802331B785BB25B
:1036600023F008035BB213435AB2BB680233D2B2F1
:103670001A707B681B785B005BB203F008035AB2D8
:10368000BB6804331B785BB223F008035BB21343BF
:103690005AB2BB680433D2B21A707B681B785BB233
:1036A00003F008035AB2BB6806331B785BB223F001
:1036B00008035BB213435AB2BB680633D2B21A7026
:1036C0007B681B785B105BB203F008035AB2BB68DF
:1036D00008331B785BB223F008035BB213435AB282
:1036E000BB680833D2B21A707B681B789B105BB240
:1036F00003F008035AB2BB680A331B785BB223F0AD
:1037000008035BB213435AB2BB680A33D2B21A70D1
:103710007B681B78DB105BB203F008035AB2BB680E
:103720000C331B785BB223F008035BB213435AB22D
:10373000BB680C33D2B21A707B681B781B115BB26A
:1037400003F008035AB2BB680E331B785BB223F058
:1037500008035BB213435AB2BB680E33D2B21A707D
:103760007B6801331B785BB203F001035AB2BB687C
:1037700001331B785BB223F001035BB213435AB2EF
:10378000BB680133D2B21A707B6801331B785B10BF
:103790005BB203F001035AB2BB6803331B785BB220
:1037A00023F001035BB213435AB2BB680333D2B2B6
:1037B0001A707B6801331B789B105BB203F0010326
:1037C0005AB2BB6805331B785BB223F001035BB2CE
:1037D00013435AB2BB680533D2B21A707B68013307
:1037E0001B78DB105BB203F001035AB2BB680733EE
:1037F0001B785BB223F001035BB213435AB2BB6880
:103800000733D2B21A707B6801331B781B115BB28D
:1038100003F001035AB2BB6809331B785BB223F093
:1038200001035BB213435AB2BB680933D2B21A70B8
:103830007B6801331B785B115BB203F001035AB262
:10384000BB680B331B785BB223F001035BB21343FD
:103850005AB2BB680B33D2B21A707B6801331B7843
:103860009B115BB203F001035AB2BB680D331B78A6
:103870005BB223F001035BB213435AB2BB680D3352
:10388000D2B21A707B6801331B78DB09DBB25AB203
:10389000BB680F331B785BB223F001035BB21343A9
:1038A0005AB2BB680F33D2B21A707B6802331B78EE
:1038B0005B005BB203F002035AB2BB6801331B78B2
:1038C0005BB223F002035BB213435AB2BB6801330D
:1038D000D2B21A707B6802331B785BB203F002032A
:1038E0005AB2BB6803331B785BB223F002035BB2AE
:1038F00013435AB2BB680333D2B21A707B680233E7
:103900001B785B105BB203F002035AB2BB6805334D
:103910001B785BB223F002035BB213435AB2BB685D
:103920000533D2B21A707B6802331B789B105BB2EE
:1039300003F002035AB2BB6807331B785BB223F073
:1039400002035BB213435AB2BB680733D2B21A7098
:103950007B6802331B78DB105BB203F002035AB2C0
:10396000BB6809331B785BB223F002035BB21343DD
:103970005AB2BB680933D2B21A707B6802331B7823
:103980001B115BB203F002035AB2BB680B331B7806
:103990005BB223F002035BB213435AB2BB680B3332
:1039A000D2B21A707B6802331B785B115BB203F0F2
:1039B00002035AB2BB680D331B785BB223F00203DB
:1039C0005BB213435AB2BB680D33D2B21A707B6834
:1039D00002331B789B115BB203F002035AB2BB683F
:1039E0000F331B785BB223F002035BB213435AB26E
:1039F000BB680F33D2B21A70E4E17B681B785BB20C
:103A000003F001035AB2BB681B785BB223F00103D9
:103A10005BB213435BB2DAB2BB681A707B681B7887
:103A20005B105BB203F001035AB2BB6802331B7830
:103A30005BB223F001035BB213435AB2BB6802339B
:103A4000D2B21A707B681B789B105BB203F0010343
:103A50005AB2BB6804331B785BB223F001035BB23C
:103A600013435AB2BB680433D2B21A707B681B7816
:103A7000DB105BB203F001035AB2BB6806331B785C
:103A80005BB223F001035BB213435AB2BB68063347
:103A9000D2B21A707B681B781B115BB203F0010372
:103AA0005AB2BB6808331B785BB223F001035BB2E8
:103AB00013435AB2BB680833D2B21A707B681B78C2
:103AC0005B115BB203F001035AB2BB680A331B7887
:103AD0005BB223F001035BB213435AB2BB680A33F3
:103AE000D2B21A707B681B789B115BB203F00103A2
:103AF0005AB2BB680C331B785BB223F001035BB294
:103B000013435AB2BB680C33D2B21A707B681B786D
:103B1000DB09DBB25AB2BB680E331B785BB223F011
:103B200001035BB213435AB2BB680E33D2B21A70B0
:103B30007B6801331B785B005BB203F002035AB26F
:103B4000BB681B785BB223F002035BB213435BB22A
:103B5000DAB2BB681A707B6801331B785BB203F082
:103B600002035AB2BB6802331B785BB223F0020334
:103B70005BB213435AB2BB680233D2B21A707B688D
:103B800001331B785B105BB203F002035AB2BB68CF
:103B900004331B785BB223F002035BB213435AB2C7
:103BA000BB680433D2B21A707B6801331B789B1058
:103BB0005BB203F002035AB2BB6806331B785BB2F8
:103BC00023F002035BB213435AB2BB680633D2B28E
:103BD0001A707B6801331B78DB105BB203F00203C1
:103BE0005AB2BB6808331B785BB223F002035BB2A6
:103BF00013435AB2BB680833D2B21A707B680133E0
:103C00001B781B115BB203F002035AB2BB680A3384
:103C10001B785BB223F002035BB213435AB2BB685A
:103C20000A33D2B21A707B6801331B785B115BB226
:103C300003F002035AB2BB680C331B785BB223F06B
:103C400002035BB213435AB2BB680C33D2B21A7090
:103C50007B6801331B789B115BB203F002035AB2FD
:103C6000BB680E331B785BB223F002035BB21343D5
:103C70005AB2BB680E33D2B21A707B6802331B781B
:103C80009B005BB203F004035AB2BB681B785BB2C3
:103C900023F004035BB213435BB2DAB2BB681A7061
:103CA0007B6802331B785B005BB203F004035AB2FB
:103CB000BB6802331B785BB223F004035BB213438F
:103CC0005AB2BB680233D2B21A707B6802331B78D7
:103CD0005BB203F004035AB2BB6804331B785BB2D7
:103CE00023F004035BB213435AB2BB680433D2B26D
:103CF0001A707B6802331B785B105BB203F004031D
:103D00005AB2BB6806331B785BB223F004035BB284
:103D100013435AB2BB680633D2B21A707B680233BF
:103D20001B789B105BB203F004035AB2BB680833E4
:103D30001B785BB223F004035BB213435AB2BB6837
:103D40000833D2B21A707B6802331B78DB105BB287
:103D500003F004035AB2BB680A331B785BB223F04A
:103D600004035BB213435AB2BB680A33D2B21A706F
:103D70007B6802331B781B115BB203F004035AB259
:103D8000BB680C331B785BB223F004035BB21343B4
:103D90005AB2BB680C33D2B21A707B6802331B78FC
:103DA0005B115BB203F004035AB2BB680E331B789D
:103DB0005BB223F004035BB213435AB2BB680E3309
:103DC000D2B21A7000BF1437BD4680BC704780B5B0
:103DD00088B000AFF8600B467A60FB720023FB618D
:103DE0000023BB613FE0BA69FB6913441A467B6854
:103DF00013441B782E2B11D1BB69013B20333B446C
:103E000013F80C2CBB69013B62F07F02D2B2203365
:103E10003B4403F80C2CFB690133FB61BA69FB6975
:103E200013441A467B6813441B78002B12D0BA69DE
:103E3000FB6913441A467B6813441B781846FFF746
:103E4000CBFA0346194607F11402BB6913440A462C
:103E50001A7005E007F11402BB69134400221A70BE
:103E6000BB690133BB61BA69FB69D31A022BBADDA6
:103E7000FB6803F1170107F11402FB7A1846FFF7FC
:103E8000C7FB8F21F868FFF7EAF900BF2037BD466E
:103E900080BD000080B500AF084B1B68074A43F0A7
:103EA00010031360032000F05DFD0F20FEF7BAFD44
:103EB000FEF780FD0023184680BD00BF00200240B1
:103EC00080B400AF054B1B781A46054B1B681344A2
:103ED000034A136000BFBD4680BC704750000020FD
:103EE0000C08002080B400AF024B1B681846BD468A
:103EF00080BC70470C08002080B586B000AF7860A9
:103F00000023FB7500233B610023BB600023FB60A3
:103F10007B68002B01D10123CEE07B689B68002BDE
:103F20007B689B6A002B09D17B680022DA627B6880
:103F3000002283F824207868FEF7D2F8786800F031
:103F400011FB0346FB757B689B6A03F01003002B93
:103F500040F0A980FB7D002B40F0A5807B689B6A28
:103F600023F4885323F0020343F002027B689A6231
:103F70007B685A687B681B6851498B420AD17B6811
:103F8000DB69B3F5402F02D07B68DB6904E04FF4B6
:103F9000002301E07B68DB691A437B681B7B5B00C5
:103FA0001343BA681343BB607B689B68B3F5807F9B
:103FB00003D07B689B68012B02D14FF4807300E033
:103FC00000233A6913433B617B681B7D012B19D1A8
:103FD0007B681B7B002B09D17B689B69013B5A03E3
:103FE0003B69134343F400633B610BE07B689B6ACE
:103FF00043F020027B689A627B68DB6A43F001022F
:104000007B68DA627B681B685B6823F469417B68C4
:104010001B683A690A435A607B681B689A68294B97
:1040200013407A681268B9680B4393607B689B6899
:10403000B3F5807F03D07B689B68012B04D17B683C
:104040001B69013B1B05FB607B681B68DB6A23F473
:1040500070017B681B68FA680A43DA627B681B6838
:104060009A68194B1340BA689A420BD17B680022B8
:10407000DA627B689B6A23F0030343F001027B68EA
:104080009A6218E07B689B6A23F0120343F01002E7
:104090007B689A627B68DB6A43F001027B68DA62C4
:1040A0000123FB7507E07B689B6A43F010027B6885
:1040B0009A620123FB75FB7D18461837BD4680BD0B
:1040C000003C0140FDF7E1FFFE0E1FFF80B586B00A
:1040D00000AFF860B9607A600023FB75FB681B686D
:1040E000644A934204D0FB681B68634A934206D13A
:1040F000604B5B6803F47023002B40F0B380FB68D7
:1041000093F82430012B01D10223AEE0FB68012299
:1041100083F82420F86800F0CBF90346FB75FB7D9B
:10412000002B40F09A80FB689B6A23F4706323F0B5
:10413000010343F48072FB689A62FB681B684E4A75
:10414000934205D14B4B5B6803F47023002B15D1D0
:10415000FB689B6A23F48012FB689A62FB681B6809
:104160005B6803F48063002B26D0FB689B6A23F412
:10417000405343F48052FB689A621DE0FB689B6ADF
:1041800043F48012FB689A62FB681B68394A9342C9
:1041900004D0FB681B68384A93420DD1354B5B68ED
:1041A00003F48063002B07D0FB689B6A23F4405321
:1041B00043F48052FB689A62FB689B6A03F4805365
:1041C000002B06D0FB68DB6A23F00602FB68DA628C
:1041D00002E0FB680022DA62FB68002283F82420F8
:1041E000FB681B6A254A9A62FB681B6A244ADA62EA
:1041F000FB681B6A234A1A63FB681B686FF00202A4
:104200001A60FB681B689A68FB681B6842F480723E
:104210009A60FB68186AFB681B684C331946BA68D9
:104220007B6800F04BFCFB681B689B6803F4602311
:10423000B3F5602F08D1FB681B689A68FB681B68A0
:1042400042F4A0029A600FE0FB681B689A68FB6862
:104250001B6842F480129A6006E0FB68002283F833
:10426000242001E00123FB75FB7D18461837BD466D
:1042700080BD00BF0024014000280140E745000840
:10428000634600087F46000880B483B000AF7860C2
:1042900000BF0C37BD4680BC704780B483B000AF10
:1042A000786000BF0C37BD4680BC704780B483B0D7
:1042B00000AF786000BF0C37BD4680BC704700007F
:1042C00080B485B000AF786039600023FB730023B1
:1042D000BB607B6893F82430012B01D10223DCE022
:1042E0007B68012283F824203B685B68062B1CD87E
:1042F0007B681B68596B3B685A6813469B001344E4
:10430000053B1F2202FA03F3DB4319403B681868A0
:104310003B685A6813469B001344053B00FA03F2BE
:104320007B681B680A435A633CE03B685B680C2B64
:104330001CD87B681B68196B3B685A6813469B0046
:104340001344233B1F2202FA03F3DB4319403B686B
:1043500018683B685A6813469B001344233B00FAD5
:1043600003F27B681B680A431A631BE07B681B68C7
:10437000D96A3B685A6813469B001344413B1F228D
:1043800002FA03F3DB4319403B6818683B685A683C
:1043900013469B001344413B00FA03F27B681B6801
:1043A0000A43DA623B681B68092B1CD97B681B68CF
:1043B000D9683B681A6813465B0013441E3B07220A
:1043C00002FA03F3DB4319403B6898683B681A68BC
:1043D00013465B0013441E3B00FA03F27B681B6824
:1043E0000A43DA6019E07B681B6819693B681A6840
:1043F00013465B001344072202FA03F3DB43194020
:104400003B6898683B681A6813465B00134400FADF
:1044100003F27B681B680A431A613B681B68102B18
:1044200003D03B681B68112B32D17B681B681D4A87
:10443000934225D17B681B689B6803F40003002B23
:1044400026D17B681B689A687B681B6842F400026F
:104450009A603B681B68102B1AD1134B1B68134AD8
:10446000A2FB03239A0C13469B0013445B00BB6022
:1044700002E0BB68013BBB60BB68002BF9D107E0E1
:104480007B689B6A43F020027B689A620123FB737E
:104490007B68002283F82420FB7B18461437BD4636
:1044A00080BC7047002401404800002083DE1B438D
:1044B00080B584B000AF78600023FB600023BB6050
:1044C0007B681B689B6803F00103012B40D07B686D
:1044D0001B689A687B681B6842F001029A601F4B58
:1044E0001B681F4AA2FB03239B0CBB6002E0BB6856
:1044F000013BBB60BB68002BF9D1FFF7F3FCF86010
:104500001FE0FFF7EFFC0246FB68D31A022B18D915
:104510007B681B689B6803F00103012B11D07B684B
:104520009B6A43F010027B689A627B68DB6A43F007
:1045300001027B68DA627B68002283F82420012371
:1045400007E07B681B689B6803F00103012BD8D14F
:10455000002318461037BD4680BD00BF480000202C
:1045600083DE1B4380B584B000AF78600023FB601E
:104570007B681B689B6803F00103012B2ED17B68CD
:104580001B689A687B681B6822F001029A60FFF73B
:10459000A9FCF8601BE0FFF7A5FC0246FB68D31AF4
:1045A000022B14D97B681B689B6803F00103012B65
:1045B0000DD17B689B6A43F010027B689A627B682E
:1045C000DB6A43F001027B68DA62012307E07B6863
:1045D0001B689B6803F00103012BDCD00023184605
:1045E0001037BD4680BD80B584B000AF78607B6871
:1045F0005B6AFB60FB689B6A03F05003002B27D1CA
:10460000FB689B6A43F40072FB689A62FB681B6854
:104610009B6803F46023B3F5602F15D1FB681B7B07
:10462000002B11D1FB689B6A23F48072FB689A62AD
:10463000FB689B6A03F48053002B05D1FB689B6ADF
:1046400043F00102FB689A62F868FFF71DFE04E080
:10465000FB681B6A1B6B7868984700BF1037BD4624
:1046600080BD80B584B000AF78607B685B6AFB601A
:10467000F868FFF712FE00BF1037BD4680BD80B559
:1046800084B000AF78607B685B6AFB60FB689B6A04
:1046900043F04002FB689A62FB68DB6A43F0040265
:1046A000FB68DA62F868FFF701FE00BF1037BD460D
:1046B00080BD000090B587B000AF78600023FB7527
:1046C0000023FB607B6893F82430012B01D1022387
:1046D00097E07B68012283F824207868FFF742FF87
:1046E0000346FB757868FFF7E3FE0346FB75FB7D29
:1046F000002B40F081807B689B6A23F4885323F071
:10470000020343F002027B689A62404B1C6802205D
:1047100001F0AAFE0346B4FBF3F35B00FB6002E08A
:10472000FB68013BFB60FB68002BF9D17B681B68D1
:104730009A687B681B6842F008029A60FFF7D2FB18
:1047400038611BE0FFF7CEFB02463B69D31A0A2B08
:1047500014D97B681B689B6803F00803002B0DD0FD
:104760007B689B6A23F0120343F010027B689A6215
:104770007B68002283F82420012342E07B681B68C9
:104780009B6803F00803002BDCD17B681B689A68E8
:104790007B681B6842F004029A60FFF7A3FB386154
:1047A0001BE0FFF79FFB02463B69D31A0A2B14D983
:1047B0007B681B689B6803F00403002B0DD07B68AB
:1047C0009B6A23F0120343F010027B689A627B68B5
:1047D000002283F82420012313E07B681B689B6878
:1047E00003F00403002BDCD17B689B6A23F00303F6
:1047F00043F001027B689A627B68002283F82420E0
:10480000FB7D18461C37BD4690BD00BF4800002008
:1048100080B485B000AF78607B6803F00703FB606D
:104820000C4BDB68BB60BA684FF6FF031340BB60FC
:10483000FB681A02BB68134343F0BF6343F40033C1
:10484000BB60044ABB68D36000BF1437BD4680BC60
:10485000704700BF00ED00E080B400AF044BDB68A0
:104860001B0A03F007031846BD4680BC704700BF13
:1048700000ED00E080B483B000AF0346FB7197F910
:104880000730002B0BDBFB7903F01F02064997F979
:1048900007305B09012000FA02F241F8232000BF33
:1048A0000C37BD4680BC704700E100E080B483B0A7
:1048B00000AF03463960FB7197F90730002B0ADB24
:1048C0003B68DAB20C4997F907301201D2B20B44B7
:1048D00083F800230AE03B68DAB20849FB7903F069
:1048E0000F03043B1201D2B20B441A7600BF0C37FF
:1048F000BD4680BC704700BF00E100E000ED00E075
:1049000080B489B000AFF860B9607A60FB6803F0EA
:104910000703FB61FB69C3F10703042B28BF0423D2
:10492000BB61FB690433062B02D9FB69033B00E042
:1049300000237B614FF0FF32BB6902FA03F3DA43D5
:10494000BB681A407B699A404FF0FF317B6901FADE
:1049500003F3D9437B680B40134318462437BD4605
:1049600080BC704780B582B000AF78607868FFF790
:104970004FFF00BF0837BD4680BD80B586B000AF91
:104980000346B9607A60FB7300237B61FFF764FF25
:1049900078617A68B9687869FFF7B2FF024697F9DB
:1049A0000F3011461846FFF781FF00BF1837BD468C
:1049B00080BD80B582B000AF0346FB7197F9073028
:1049C0001846FFF757FF00BF0837BD4680BD0000FF
:1049D00080B485B000AF78600023FB607B68002B5B
:1049E00001D1012359E07B681B681A462D4B9A427E
:1049F0000FD87B681B681A462B4B13442B4AA2FB2B
:104A000003231B099A007B681A647B68284ADA63CF
:104A10000EE07B681B681A46264B1344234AA2FB10
:104A200003231B099A007B681A647B68224ADA63B5
:104A30007B68022283F821207B681B681B68FB606F
:104A4000FB6823F47F5323F03003FB607B685A68D4
:104A50007B689B681A437B68DB681A437B681B6929
:104A60001A437B685B691A437B689B691A437B68BE
:104A7000DB691343FA681343FB607B681B68FA68C1
:104A80001A607B6800229A637B68012283F82120E8
:104A90007B68002283F82020002318461437BD4687
:104AA00080BC704707040240F8FFFDBFCDCCCCCCE2
:104AB00000000240F8FBFDBF0004024080B586B054
:104AC00000AFF860B9607A603B600023FB75FB685B
:104AD00093F82030012B01D102234BE0FB68012227
:104AE00083F82020FB6893F82130DBB2012B3AD108
:104AF000FB68022283F82120FB6800229A63FB688E
:104B00001B681A68FB681B6822F001021A603B6888
:104B10007A68B968F86800F06DFAFB68DB6A002B08
:104B200008D0FB681B681A68FB681B6842F00E021D
:104B30001A600FE0FB681B681A68FB681B6822F0AC
:104B400004021A60FB681B681A68FB681B6842F065
:104B50000A021A60FB681B681A68FB681B6842F04F
:104B600001021A6005E0FB68002283F8202002237E
:104B7000FB75FB7D18461837BD4680BD80B584B0F7
:104B800000AF78607B68DB6B1B68FB607B681B6831
:104B90001B68BB607B681B6C04229A40FB68134057
:104BA000002B00F0F180BB6803F00403002B00F041
:104BB000EB807B681B681B6803F02003002B07D188
:104BC0007B681B681A687B681B6822F004021A6005
:104BD0007B681B681A465F4B9A4258D97B681B68F2
:104BE0005D4A93424FD07B681B685C4A934248D031
:104BF0007B681B685A4A934240D07B681B68594ABD
:104C0000934238D07B681B68574A934230D07B6808
:104C10001B68564A934228D07B681B684D4A9342D2
:104C200020D07B681B68524A934219D07B681B686E
:104C3000504A934212D07B681B684F4A93420AD075
:104C40007B681B684D4A934202D14FF480431BE0BE
:104C50004FF4802318E04FF4806315E0402313E005
:104C6000042311E04FF080630EE04FF480030BE06B
:104C70004FF4802308E04FF4804305E04FF4806355
:104C800002E0402300E004233D4A536057E07B6884
:104C90001B68314A93424FD07B681B682F4A93426E
:104CA00048D07B681B682E4A934240D07B681B68C3
:104CB0002C4A934238D07B681B682B4A934230D0F1
:104CC0007B681B68294A934228D07B681B68214A6D
:104CD000934220D07B681B68254A934219D07B6899
:104CE0001B68244A934212D07B681B68224A934275
:104CF0000AD07B681B68214A934202D14FF480435B
:104D00001BE04FF4802318E04FF4806315E040234C
:104D100013E0042311E04FF080630EE04FF48003B2
:104D20000BE04FF4802308E04FF4804305E04FF49C
:104D3000806302E0402300E00423124A53607B6852
:104D4000DB6A002B00F036817B68DB6A7868984765
:104D500030E100BF80000240080002401C00024019
:104D60003000024044000240580002406C00024003
:104D7000080402401C040240300402404404024083
:104D800000040240000002407B681B6C02229A4033
:104D9000FB681340002B00F0DD80BB6803F00203CA
:104DA000002B00F0D7807B681B681B6803F0200392
:104DB000002B0BD17B681B681A687B681B6822F08C
:104DC0000A021A607B68012283F821207B681B6835
:104DD0001A467B4B9A4258D97B681B68794A9342A2
:104DE0004FD07B681B68784A934248D07B681B6829
:104DF000764A934240D07B681B68754A934238D00C
:104E00007B681B68734A934230D07B681B68724A88
:104E1000934228D07B681B68694A934220D07B6804
:104E20001B686E4A934219D07B681B686C4A934298
:104E300012D07B681B686B4A93420AD07B681B6860
:104E4000694A934202D14FF400531BE04FF4003300
:104E500018E04FF4007315E0202313E0022311E063
:104E60004FF000730EE04FF400130BE04FF40033EB
:104E700008E04FF4005305E04FF4007302E02023F4
:104E800000E00223594A536057E07B681B684D4A93
:104E900093424FD07B681B684B4A934248D07B6853
:104EA0001B684A4A934240D07B681B68484A934239
:104EB00038D07B681B68474A934230D07B681B68B8
:104EC000454A934228D07B681B683D4A934220D0D4
:104ED0007B681B68414A934219D07B681B68404A33
:104EE000934212D07B681B683E4A93420AD07B688B
:104EF0001B683D4A934202D14FF400531BE04FF42C
:104F0000003318E04FF4007315E0202313E0022370
:104F100011E04FF000730EE04FF400130BE04FF47C
:104F2000003308E04FF4005305E04FF4007302E053
:104F3000202300E002232E4A53607B68002283F87E
:104F400020207B689B6A002B34D07B689B6A786842
:104F500098472FE07B681B6C08229A40FB6813403F
:104F6000002B28D0BB6803F00803002B23D07B68FC
:104F70001B681A687B681B6822F00E021A607B6847
:104F80001A6C7B68DB6B012101FA02F25A607B68C4
:104F900001229A637B68012283F821207B6800222A
:104FA00083F820207B681B6B002B04D07B681B6B75
:104FB0007868984700BF00BF1037BD4680BD00BF6E
:104FC00080000240080002401C0002403000024005
:104FD00044000240580002406C00024008040240B5
:104FE0001C04024030040240440402400004024019
:104FF0000000024080B485B000AFF860B9607A600C
:105000003B60FB681A6CFB68DB6B012101FA02F262
:105010005A60FB681B683A685A60FB685B68102B33
:1050200008D1FB681B687A689A60FB681B68BA68DD
:10503000DA6007E0FB681B68BA689A60FB681B6867
:105040007A68DA6000BF1437BD4680BC7047000044
:10505000F0B587B000AFF860B960C7E9002301235D
:10506000FB750023BB7500237B752F4B1B7E012B2B
:1050700001D1022354E02C4B01221A764CF250301D
:1050800000F0A8F80346FB75FB7D002B44D1FB68BC
:10509000012B02D101237B7507E0FB68022B02D1B3
:1050A00002237B7501E004237B750023BB752DE093
:1050B000BB7D5A00BB6802EB030CBB7D1901D7E92D
:1050C0000023C1F12006A1F1200022FA01F403FA25
:1050D00006F6344323FA00F0044323FA01F5A3B2A1
:1050E0001946604600F05AF84CF2503000F072F861
:1050F0000346FB750D4B1B690C4A23F0010313613A
:10510000FB7D002B07D1BB7D0133BB75BA7D7B7D59
:105110009A42CDD300E000BF034B00221A76FB7DFC
:1051200018461C37BD46F0BD100800200020024084
:1051300080B483B000AF0023FB710D4B1B6903F0FB
:105140008003002B0DD00A4B0A4A5A60084B0A4ACA
:105150005A60074B1B6903F08003002B01D0012329
:10516000FB71FB7918460C37BD4680BC704700BF09
:105170000020024023016745AB89EFCD80B400AF2A
:10518000054B1B69044A43F0800313610023184652
:10519000BD4680BC704700BF0020024080B483B091
:1051A00000AF78600B467B80084B0022DA61084B29
:1051B0001B69074A43F0010313617B687A881A80F0
:1051C00000BF0C37BD4680BC704700BF10080020F0
:1051D0000020024080B584B000AF7860FEF782FE08
:1051E000F86010E07B68B3F1FF3F0CD07B68002BC8
:1051F00007D0FEF777FE0246FB68D31A7A689A4218
:1052000001D2032325E0154BDB6803F00103002BDB
:10521000E8D1124BDB6803F02003002B02D00F4BC8
:105220002022DA600D4BDB6803F01003002B0BD15A
:105230000A4BDB6903F00103002B05D1074BDB6848
:1052400003F00403002B03D000F00AF8012300E070
:10525000002318461037BD4680BD00BF0020024025
:1052600080B483B000AF00237B60234BDB6803F086
:105270001003002B09D0214BDB6943F002031F4AC6
:10528000D3617B6843F010037B601B4BDB6803F04A
:105290000403002B09D0194BDB6943F00103174AC3
:1052A000D3617B6843F004037B60134BDB6903F03D
:1052B0000103002B0BD0114BDB6943F004030F4AB1
:1052C000D3610D4BDB690C4A23F00103D3617B688A
:1052D00040F20112934206D1074BDB69064A23F0E4
:1052E0000103D36102E0044A7B68D36000BF0C373E
:1052F000BD4680BC704700BF00200240100800205F
:1053000080B584B000AF786039600123FB7300235F
:10531000BB602F4B1B7E012B01D1022353E02C4B92
:1053200001221A767B681B68022B16D14CF2503092
:10533000FFF750FF0346002B41D1012000F04CF84D
:105340004CF25030FFF746FF0346FB73214B1B69BD
:10535000204A23F00403136131E04CF25030FFF790
:1053600039FF0346002B2AD13B684FF0FF321A6009
:105370007B689B68BB6019E0B86800F049F84CF2A4
:105380005030FFF727FF0346FB73124B1B69114A8E
:1053900023F002031361FB7B002B03D03B68BA6848
:1053A0001A600CE0BB6803F50063BB607B68DB68D8
:1053B000DA027B689B681344BA689A42DCD3044BD8
:1053C00000221A76FB7B18461037BD4680BD00BF11
:1053D000100800200020024080B483B000AF786045
:1053E000094B0022DA61094B1B69084A43F00403A8
:1053F0001361064B1B69054A43F04003136100BF6C
:105400000C37BD4680BC70471008002000200240C9
:1054100080B483B000AF78600B4B0022DA610B4B95
:105420001B690A4A43F002031361084A7B6853610F
:10543000064B1B69054A43F04003136100BF0C375C
:10544000BD4680BC704700BF10080020002002400D
:1054500080B48BB000AF7860396000237B6200239A
:105460003B6279E101227B6A02FA03F3FB613B684C
:105470001B68FA691340BB61BA69FB699A4240F044
:1054800068813B685B68964A93425ED0944A934237
:1054900075D8944A934258D0924A93426FD8924A10
:1054A000934252D0904A934269D8904A93424CD04A
:1054B0008E4A934263D88E4A934246D08C4A934296
:1054C0005DD8122B2AD8122B59D801A252F823F0FA
:1054D0004B55000825550008375500087955000838
:1054E0007F5500087F5500087F5500087F5500084C
:1054F0007F5500087F5500087F5500087F5500083C
:105500007F5500087F5500087F5500087F5500082B
:105510007F5500082D55000841550008754A9342F3
:1055200013D02CE03B68DB683B6229E03B68DB681A
:1055300004333B6224E03B68DB6808333B621FE0D6
:105540003B68DB680C333B621AE03B689B68002BCE
:1055500002D104233B6213E03B689B68012B05D119
:1055600008233B627B68FA691A6109E008233B6201
:105570007B68FA695A6103E000233B6200E000BFE8
:10558000BB69FF2B01D87B6801E07B6804337B613A
:10559000BB69FF2B02D87B6A9B0002E07B6A083B59
:1055A0009B003B617B691A680F213B6901FA03F399
:1055B000DB431A40396A3B6901FA03F31A437B69FA
:1055C0001A603B685B6803F08053002B00F0C180D9
:1055D000494B9B69484A43F001039361464B9B69E1
:1055E00003F00103BB60BB68444A7B6A9B0802333B
:1055F00052F82330FB607B6A03F003039B000F2209
:1056000002FA03F3DB43FA681340FB607B683C4A11
:1056100093421FD07B683B4A934219D07B683A4A39
:10562000934213D07B68394A93420DD07B68384A45
:10563000934207D07B68374A934201D105230AE0A1
:10564000062308E0042306E0032304E0022302E02B
:10565000012300E000237A6A02F0030292009340E3
:10566000FA681343FB6025497B6A9B080233FA689A
:1056700041F823203B685B6803F48013002B06D0BD
:10568000254B9A682449BB6913438B6006E0224B83
:105690009A68BB69DB43204913408B603B685B68B9
:1056A00003F40013002B06D01B4BDA681A49BB69C0
:1056B0001343CB6006E0184BDA68BB69DB4316493D
:1056C0001340CB603B685B6803F40033002B25D0AC
:1056D000114B5A681049BB6913434B6025E000BF6A
:1056E00000003210000031100000221000002110D4
:1056F00000001210000011100010024000000140D4
:1057000000080140000C014000100140001401405D
:1057100000180140001C014000040140154B5A686C
:10572000BB69DB43134913404B603B685B6803F480
:105730008033002B06D00F4B1A680E49BB69134308
:105740000B6006E00B4B1A68BB69DB430949134049
:105750000B607B6A01337B623B681A687B6A22FAC2
:1057600003F3002B7FF47EAE00BF00BF2C37BD4695
:1057700080BC70470004014080B483B000AF786003
:105780000B467B8013467B707B78002B03D07A8896
:105790007B681A6103E07B881A047B681A6100BF8A
:1057A0000C37BD4680BC704780B485B000AF7860D0
:1057B0000B467B807B68DB68FB607A88FB68134064
:1057C0001A04FB68D9437B880B401A437B681A6133
:1057D00000BF1437BD4680BC7047000080B584B060
:1057E00000AF78607B68002B01D101232BE17B683F
:1057F00093F83D30DBB2002B06D17B68002283F8A2
:105800003C207868FCF736FE7B68242283F83D2034
:105810007B681B681A687B681B6822F001021A60AB
:105820007B681B681A687B681B6842F400421A6038
:105830007B681B681A687B681B6822F400421A6048
:1058400000F0E6FCF8607B685B68814A934207D809
:10585000FB68804A934294BF01230023DBB206E039
:10586000FB687D4A934294BF01230023DBB2002BE7
:1058700001D00123E7E0FB68784AA2FB03239B0CDD
:10588000BB607B681B685B6823F03F017B681B681B
:10589000BA680A435A607B681B681B6A23F03F01A1
:1058A0007B685B686A4A934202D8BB68013309E0AF
:1058B000BB684FF4967202FB03F3694AA2FB032311
:1058C0009B0901337A6812680B4313627B681B687B
:1058D000DB6923F44F4222F0FF027B685B685C497E
:1058E0008B4219D8FB68591E7B685B685B00B1FB73
:1058F000F3F3591C40F6FC730B40002B0AD0FB68F5
:10590000591E7B685B685B00B1FBF3F30133C3F3A3
:105910000B0351E004234FE07B689B68002B11D1FF
:10592000FB68581E7B6859680B465B000B44B0FB54
:10593000F3F30133C3F30B03002B0CBF012300234C
:10594000DBB212E0FB68581E7B6859680B469B006F
:105950000B4499000B44B0FBF3F30133C3F30B0387
:10596000002B0CBF01230023DBB2002B01D001234D
:1059700022E07B689B68002B0ED1FB68581E7B6879
:1059800059680B465B000B44B0FBF3F30133C3F3E0
:105990000B0343F400430FE0FB68581E7B68596813
:1059A0000B469B000B4499000B44B0FBF3F301330F
:1059B000C3F30B0343F44043796809681343CB6195
:1059C0007B681B681B6823F0C0017B68DA697B6811
:1059D0001B6A1A437B681B680A431A607B681B6852
:1059E0009B6823F4034323F0FF037A6811697A6804
:1059F000D26811437A6812680B4393607B681B6816
:105A0000DB6823F0FF017B685A697B689B691A4356
:105A10007B681B680A43DA607B681B681A687B68CE
:105A20001B6842F001021A607B6800221A647B68DE
:105A3000202283F83D207B6800221A637B680022C5
:105A400083F83E20002318461037BD4680BD00BFB6
:105A5000A08601007F841E00FF083D0083DE1B43FB
:105A6000D34D621080B400AF034B01221A6000BF17
:105A7000BD4680BC704700BF20000E4280B586B096
:105A800000AF78607B68002B01D1012372E27B6854
:105A90001B6803F00103002B00F08780924B5B68CA
:105AA00003F00C03042B0CD08F4B5B6803F00C034A
:105AB000082B12D18C4B5B6803F48033B3F5803F25
:105AC0000BD1894B1B6803F40033002B6CD07B682F
:105AD0005B68002B68D101234CE27B685B68B3F5FF
:105AE000803F06D1804B1B687F4A43F480331360AC
:105AF0002EE07B685B68002B0CD17B4B1B687A4ADD
:105B000023F480331360784B1B68774A23F4802397
:105B100013601DE07B685B68B3F5A02F0CD1724B5E
:105B20001B68714A43F4802313606F4B1B686E4AF5
:105B300043F4803313600BE06B4B1B686A4A23F419
:105B400080331360684B1B68674A23F4802313601B
:105B50007B685B68002B13D0FEF7C4F9386108E05E
:105B6000FEF7C0F902463B69D31A642B01D903231F
:105B700000E25D4B1B6803F40033002BF0D014E00F
:105B8000FEF7B0F9386108E0FEF7ACF902463B6970
:105B9000D31A642B01D90323ECE1534B1B6803F4A4
:105BA0000033002BF0D100E000BF7B681B6803F0DE
:105BB0000203002B63D04C4B5B6803F00C03002BFB
:105BC0000BD0494B5B6803F00C03082B1CD1464BF0
:105BD0005B6803F48033002B16D1434B1B6803F042
:105BE0000203002B05D07B681B69012B01D0012328
:105BF000C0E13D4B1B6823F0F8027B685B69DB006A
:105C0000394913430B603AE07B681B69002B20D0B5
:105C1000364B01221A60FEF765F9386108E0FEF79D
:105C200061F902463B69D31A022B01D90323A1E192
:105C30002D4B1B6803F00203002BF0D02A4B1B688E
:105C400023F0F8027B685B69DB00274913430B6094
:105C500015E0264B00221A60FEF744F9386108E08F
:105C6000FEF740F902463B69D31A022B01D9032300
:105C700080E11D4B1B6803F00203002BF0D17B6811
:105C80001B6803F00803002B3AD07B689B69002B4C
:105C900019D0174B01221A60FEF724F9386108E089
:105CA000FEF720F902463B69D31A022B01D90323E0
:105CB00060E10D4B5B6A03F00203002BF0D0012082
:105CC00000F0FEFA1CE00A4B00221A60FEF70AF907
:105CD00038610FE0FEF706F902463B69D31A022B42
:105CE00008D9032346E100BF0010024000004242F1
:105CF00080044242924B5B6A03F00203002BE9D11D
:105D00007B681B6803F00403002B00F0A6800023CF
:105D1000FB758B4BDB6903F08053002B0DD1884B57
:105D2000DB69874A43F08053D361854BDB6903F01D
:105D30008053BB60BB680123FB75824B1B6803F477
:105D40008073002B18D17F4B1B687E4A43F480730D
:105D50001360FEF7C7F8386108E0FEF7C3F80246A3
:105D60003B69D31A642B01D9032303E1754B1B68EC
:105D700003F48073002BF0D07B68DB68012B06D125
:105D80006F4B1B6A6E4A43F0010313622DE07B6880
:105D9000DB68002B0CD16A4B1B6A694A23F00103B4
:105DA0001362674B1B6A664A23F0040313621CE00C
:105DB0007B68DB68052B0CD1614B1B6A604A43F0A2
:105DC000040313625E4B1B6A5D4A43F001031362D6
:105DD0000BE05B4B1B6A5A4A23F001031362584BDA
:105DE0001B6A574A23F0040313627B68DB68002BAD
:105DF00015D0FEF777F838610AE0FEF773F802462F
:105E00003B69D31A41F28832934201D90323B1E0AE
:105E10004B4B1B6A03F00203002BEED014E0FEF79D
:105E200061F838610AE0FEF75DF802463B69D31A73
:105E300041F28832934201D903239BE0404B1B6A15
:105E400003F00203002BEED1FB7D012B05D13C4B6F
:105E5000DB693B4A23F08053D3617B68DB69002B0D
:105E600000F08780364B5B6803F00C03082B61D091
:105E70007B68DB69022B46D1334B00221A60FEF7A8
:105E800031F8386108E0FEF72DF802463B69D31A75
:105E9000022B01D903236DE0294B1B6803F000732B
:105EA000002BF0D17B681B6AB3F5803F08D1244BEF
:105EB0005B6823F400327B689B68214913434B6085
:105EC0001F4B5B6823F474127B68196A7B685B6AFA
:105ED0000B431B4913434B601B4B01221A60FEF717
:105EE00001F8386108E0FDF7FDFF02463B69D31A6F
:105EF000022B01D903233DE0114B1B6803F0007313
:105F0000002BF0D035E0104B00221A60FDF7EAFFBD
:105F1000386108E0FDF7E6FF02463B69D31A022B21
:105F200001D9032326E0064B1B6803F00073002B06
:105F3000F0D11EE07B68DB69012B07D1012319E05A
:105F40000010024000700040600042420B4B5B6852
:105F5000FB60FB6803F480327B681B6A9A4206D1BF
:105F6000FB6803F470127B685B6A9A4201D00123DC
:105F700000E0002318461837BD4680BD00100240DF
:105F800080B584B000AF786039607B68002B01D1A8
:105F90000123D0E06A4B1B6803F007033A689A427A
:105FA00010D9674B1B6823F0070265493B68134310
:105FB0000B60634B1B6803F007033A689A4201D0F9
:105FC0000123B8E07B681B6803F00203002B20D09C
:105FD0007B681B6803F00403002B05D0594B5B68FA
:105FE000584A43F4E06353607B681B6803F008037E
:105FF000002B05D0534B5B68524A43F46053536007
:10600000504B5B6823F0F0027B689B684D4913435B
:106010004B607B681B6803F00103002B40D07B685A
:106020005B68012B07D1474B1B6803F40033002B3F
:1060300015D101237FE07B685B68022B07D1414BC0
:106040001B6803F00073002B09D1012373E03D4B63
:106050001B6803F00203002B01D101236BE0394BD5
:106060005B6823F003027B685B68364913434B602F
:10607000FDF738FFF8600AE0FDF734FF0246FB68E1
:10608000D31A41F28832934201D9032353E02D4BB6
:106090005B6803F00C027B685B689B009A42EBD163
:1060A000274B1B6803F007033A689A4210D2244B2F
:1060B0001B6823F0070222493B6813430B60204B07
:1060C0001B6803F007033A689A4201D0012332E0CB
:1060D0007B681B6803F00403002B08D0194B5B6836
:1060E00023F4E0627B68DB68164913434B607B68EE
:1060F0001B6803F00803002B09D0124B5B6823F4E4
:1061000060527B681B69DB000E4913434B6000F053
:1061100021F802460B4B5B681B0903F00F030A4989
:10612000CB5C22FA03F3094A1360094B1B6818463B
:10613000FCF778FC002318461037BD4680BD00BF31
:1061400000200240001002402CD700084800002028
:106150004C00002080B487B000AF0023FB60002318
:10616000BB6000237B6100237B6000233B611E4BEF
:106170005B68FB60FB6803F00C03042B02D0082B68
:1061800003D027E0194B3B6127E0FB689B0C03F031
:106190000F03174AD35C7B60FB6803F48033002B4A
:1061A00010D0114B5B685B0C03F00103114AD35C08
:1061B000BB607B680D4A03FB02F2BB68B2FBF3F3E2
:1061C0007B6104E07B680C4A02FB03F37B617B6923
:1061D0003B6102E0054B3B6100BF3B6918461C3741
:1061E000BD4680BC704700BF0010024000127A001C
:1061F00044D7000854D7000800093D0080B400AF20
:10620000024B1B681846BD4680BC70474800002002
:1062100080B500AFFFF7F2FF0246054B5B681B0A33
:1062200003F007030349CB5C22FA03F3184680BD51
:10623000001002403CD7000880B500AFFFF7DEFF3A
:106240000246054B5B68DB0A03F007030349CB5C9E
:1062500022FA03F3184680BD001002403CD7000824
:1062600080B483B000AF786039607B680F221A6019
:10627000114B5B6803F003027B685A600E4B5B684E
:1062800003F0F0027B689A600B4B5B6803F4E062FA
:106290007B68DA60084B5B68DB0803F4E0627B68CC
:1062A0001A61064B1B6803F007023B681A6000BFC7
:1062B0000C37BD4680BC70470010024000200240F1
:1062C00080B485B000AF78600A4B1B680A4AA2FB15
:1062D00003235B0A7A6802FB03F3FB6000BFFB68E1
:1062E0005A1EFA60002BF9D100BF00BF1437BD461B
:1062F00080BC704748000020D34D621080B586B046
:1063000000AF786000233B610023FB607B681B6863
:1063100003F00103002B7DD00023FB754F4BDB699D
:1063200003F08053002B0DD14C4BDB694B4A43F0FB
:106330008053D361494BDB6903F08053BB60BB687A
:106340000123FB75464B1B6803F48073002B18D1A7
:10635000434B1B68424A43F480731360FDF7C2FD50
:10636000386108E0FDF7BEFD02463B69D31A642B95
:1063700001D903236DE03A4B1B6803F48073002BB3
:10638000F0D0364B1B6A03F44073FB60FB68002BB4
:106390002ED07B685B6803F44073FA689A4227D07A
:1063A0002E4B1B6A23F44073FB602E4B01221A60B4
:1063B0002C4B00221A60294AFB681362FB6803F029
:1063C0000103002B14D0FDF78DFD38610AE0FDF7C5
:1063D00089FD02463B69D31A41F28832934201D9C2
:1063E000032336E01D4B1B6A03F00203002BEED0A3
:1063F0001A4B1B6A23F440727B685B68174913438E
:106400000B62FB7D012B05D1144BDB69134A23F092
:106410008053D3617B681B6803F00203002B08D014
:106420000E4B5B6823F440427B689B680B49134327
:106430004B607B681B6803F01003002B08D0074BF0
:106440005B6823F480027B685B69044913434B60FB
:10645000002318461837BD4680BD00BF001002401B
:10646000007000404004424280B588B000AF7860C0
:1064700000237B610023FB6100233B610023FB6061
:106480000023BB617B68013B0F2B00F2AF8001A2B0
:1064900052F823F06B650008D1650008ED6500082F
:1064A0005B650008ED650008ED650008ED65000816
:1064B00063650008ED650008ED650008ED650008FE
:1064C000ED650008ED650008ED650008ED65000864
:1064D000D56400084A4B5B68FB60494B1B6803F0BE
:1064E0008073002B00F08480FB689B0C03F00F038B
:1064F000444AD35C3B61FB6803F48033002B15D026
:106500003F4B5B685B0C03F001033F4AD35C7B614C
:10651000FB6803F48033002B0DD03C4A7B69B2FB4F
:10652000F3F23B6902FB03F3FB6104E03B69384A89
:1065300002FB03F3FB61324B5B6803F48003B3F5AA
:10654000800F02D1FB69BB6152E0FB695B00314AFD
:10655000A2FB03235B08BB614AE0FFF7FBFDB861C8
:1065600049E0FFF7F7FDB86145E0254B1B6AFB608A
:10657000FB6803F44073B3F5807F08D1FB6803F038
:106580000203002B03D04FF40043BB611FE0FB6804
:1065900003F44073B3F5007F09D1194B5B6A03F034
:1065A0000203002B03D049F64043BB610FE0FB68B8
:1065B00003F44073B3F5407F1CD1114B1B6803F407
:1065C0000033002B16D04FF22443BB6112E011E0E0
:1065D000FFF732FE02460A4B5B689B0B03F0030396
:1065E00001335B00B2FBF3F3BB6104E000BF02E0E8
:1065F00000BF00E000BFBB6918462037BD4680BD24
:106600000010024058D7000868D7000800127A002E
:1066100000093D00ABAAAAAA80B584B000AF78609B
:106620000023FB607B68002B01D101237AE07B68AB
:106630005B7CDBB2002B05D17B6800221A74786882
:10664000FCF794F87B6802225A74786800F0BEF96F
:106650000346002B04D07B6804225A74012361E0B6
:10666000786800F077FA0346002B04D07B68042298
:106670005A74012356E07B681B685A687B681B6864
:1066800022F007025A607B689B68002B05D0274BDD
:106690001B6B264A23F001031363244BDB6A23F4AC
:1066A00060727B689B6821491343CB627B685B689F
:1066B000B3F1FF3F03D07B685B68FB600EE0012015
:1066C000FFF7D2FEF860FB68002B04D17B68042240
:1066D0005A74012326E0FB68013BFB60FB681A0C3F
:1066E0007B681B6802F00F029A607B681B68FA687F
:1066F00092B2DA60786800F055FA0346002B04D0B5
:106700007B6804225A7401230CE07B680022DA7350
:106710007B6801225A737B6801229A737B6801228D
:106720005A74002318461037BD4680BD006C0040E7
:1067300090B587B000AFF860B9607A6000237B61E4
:1067400000233B61FB68002B02D0BB68002B01D10A
:10675000012380E0FB681B7C012B01D102237AE03E
:10676000FB6801221A74FB6802225A747B68002BB2
:1067700013D1BB681B781A464FF4616303FB02F226
:10678000BB685B7819460B461B015B1A9B001344E0
:10679000BA68927813447B611EE0BB681B78184688
:1067A00000F028FA03461A464FF4616303FB02F433
:1067B000BB685B78184600F01DFA03461A4613467C
:1067C0001B019B1A9B001C44BB689B78184600F079
:1067D00011FA034623447B617969F86800F053F9A4
:1067E0000346002B07D0FB6804225A74FB68002282
:1067F0001A7401232FE0FB681B685A68FB681B684A
:1068000022F005025A60F86800F064F938613B69CB
:10681000B3F1FF3F18D03A697B699A4214D23B69C1
:1068200003F5A83303F5C0733B613969F86800F0DC
:106830006AF90346002B07D0FB6804225A74FB68F0
:1068400000221A74012306E0FB6801225A74FB68D7
:1068500000221A74002318461C37BD4690BD000064
:1068600080B588B000AFF860B9607A600023FB6142
:106870000023BB6100237B61FB68002B02D0BB6857
:10688000002B01D1012397E0FB681B7C012B01D178
:10689000022391E0FB6801221A74FB6802225A74F9
:1068A0007B68002B0CD1BB68DA78FB68DA73BB68B5
:1068B0005A78FB685A73BB689A78FB689A731AE037
:1068C000BB68DB78184600F095F903461A46FB686A
:1068D000DA73BB685B78184600F08CF903461A46F9
:1068E000FB685A73BB689B78184600F083F903462F
:1068F0001A46FB689A73FB68DB7B1846FB68597B7A
:10690000FB689B7B1A4600F093F903461A46FB6826
:106910001A73FB681A7BBB681A70F86800F083F87A
:10692000F861FB69264AA2FB0323DB0A7B617B69D2
:10693000182B3AD97B69234AA2FB03231B09224A5D
:1069400002FB03F3FA69D31AFB61F969F86800F0F6
:106950009AF80346002B07D0FB6804225A74FB68A0
:1069600000221A74012327E0F86800F0B3F8B86138
:10697000BB69B3F1FF3F18D0BA69FB699A4214D2E0
:10698000BB6903F5A83303F5C073BB61B969F86847
:1069900000F0B9F80346002B07D0FB6804225A74B4
:1069A000FB6800221A74012306E0FB6801225A7476
:1069B000FB6800221A74002318462037BD4680BDAC
:1069C000C5B3A291ABAAAAAA8051010080B584B038
:1069D00000AF78600023FB607B68002B01D10123AE
:1069E0001DE07B681B685A687B681B6822F0080200
:1069F0005A60FDF777FAF86009E0FDF773FA02468E
:106A0000FB68D31AB3F57A7F01D9032307E07B68CB
:106A10001B685B6803F00803002BEED000231846C8
:106A20001037BD4680BD80B487B000AF78600023CA
:106A30007B8200233B820023FB8100237B617B68F8
:106A40001B689B697B827B681B68DB69FB817B68B9
:106A50001B689B693B827A8A3B8A9A4208D03B8AB0
:106A60001A047B681B68DB699BB213437B6104E0FB
:106A70007B8A1A04FB8913437B617B6918461C37A8
:106A8000BD4680BC704780B584B000AF7860396087
:106A90000023FB73786800F05DF80346002B02D0FA
:106AA0000123FB7311E07B681B683A68120C9A6142
:106AB0007B681B683A6892B2DA61786800F072F815
:106AC0000346002B01D00123FB73FB7B18461037D4
:106AD000BD4680BD80B485B000AF78600023FB81E7
:106AE0000023BB817B681B681B6AFB817B681B687A
:106AF0005B6ABB81FB891A04BB89134318461437B0
:106B0000BD4680BC704780B584B000AF7860396006
:106B10000023FB73786800F01DF80346002B02D0B9
:106B20000123FB7311E07B681B683A68120C1A6240
:106B30007B681B683A6892B25A62786800F032F853
:106B40000346002B01D00123FB73FB7B1846103753
:106B5000BD4680BD80B584B000AF78600023FB6087
:106B6000FDF7C0F9F86009E0FDF7BCF90246FB68E3
:106B7000D31AB3F57A7F01D903230FE07B681B6832
:106B80005B6803F02003002BEED07B681B685A681B
:106B90007B681B6842F010025A60002318461037C9
:106BA000BD4680BD80B584B000AF78600023FB6037
:106BB0007B681B685A687B681B6822F010025A6069
:106BC000FDF790F9F86009E0FDF78CF90246FB68E3
:106BD000D31AB3F57A7F01D9032307E07B681B68DA
:106BE0005B6803F02003002BEED00023184610371B
:106BF000BD4680BD80B485B000AF0346FB71002365
:106C0000FB60FB791B09DBB21A4613469B00134459
:106C10005B00FB60FB7903F00F03DAB2FB68DBB2C9
:106C20001344DBB218461437BD4680BC70470000E1
:106C300080B485B000AF78600B46FB701346BB7024
:106C40000023BB600023FB607B6803F5FA63BB6035
:106C5000FB78022B2DD8FA7813465B001344DB0037
:106C60009B1A2C4AA2FB03235A08BB781A44BB6820
:106C70001A44BB68013B9B081A44BB68013B264988
:106C8000A1FB03135B09D21ABB68013B2249A1FB9C
:106C90000313DB0913441A1D204BA3FB0213D11A63
:106CA00049080B4499080B46DB005B1AD31AFB60BA
:106CB00029E0FA7813465B001344DB009B1A154A5F
:106CC000A2FB03235A08BB781A44BB681A44BB686A
:106CD0009B081A44BB681049A1FB03135B09D21A35
:106CE000BB680D49A1FB0313DB0913449A1C0B4B32
:106CF000A3FB0213D11A49080B4499080B46DB0089
:106D00005B1AD31AFB60FB68DBB218461437BD462A
:106D100080BC7047398EE3381F85EB51254992249A
:106D200080B582B000AF78607B68002B01D1012371
:106D300076E07B685B6A002B08D17B685B68B3F503
:106D4000827F09D07B680022DA6105E07B6800223F
:106D50001A617B6800225A617B6800229A627B6814
:106D600093F85130DBB2002B06D17B68002283F808
:106D700050207868FBF78AFD7B68022283F8512057
:106D80007B681B681A687B681B6822F040021A60E7
:106D90007B685B6803F482727B689B6803F404433E
:106DA0001A437B68DB6803F400631A437B681B6942
:106DB00003F002031A437B685B6903F001031A4383
:106DC0007B689B6903F400731A437B68DB6903F0FB
:106DD00038031A437B681B6A03F0800342EA03010D
:106DE0007B689B6A03F400527B681B680A431A6045
:106DF0007B689B691A0C7B681B6802F004025A606E
:106E00007B681B68DA697B681B6822F40062DA61C0
:106E10007B6800225A657B68012283F85120002399
:106E200018460837BD4680BD80B582B000AF786097
:106E30007B68002B01D1012341E07B6893F83D3052
:106E4000DBB2002B06D17B68002283F83C207868F7
:106E5000FBF7C8FF7B68022283F83D207B681A6835
:106E60007B6804331946104600F082FA7B680122E1
:106E700083F846207B68012283F83E207B6801224C
:106E800083F83F207B68012283F840207B68012241
:106E900083F841207B68012283F842207B6801222D
:106EA00083F843207B68012283F844207B68012219
:106EB00083F845207B68012283F83D200023184693
:106EC0000837BD4680BD000080B485B000AF786053
:106ED0007B6893F83D30DBB2012B01D0012344E005
:106EE0007B68022283F83D207B681B68DA687B6838
:106EF0001B6842F00102DA607B681B681D4A9342FE
:106F000018D07B681B681C4A934213D07B681B68AF
:106F1000B3F1804F0ED07B681B68184A934209D0AA
:106F20007B681B68164A934204D07B681B68154A2D
:106F3000934211D17B681B689B6803F00703FB60D9
:106F4000FB68062B10D07B681B681A687B681B687F
:106F500042F001021A6007E07B681B681A687B68D0
:106F60001B6842F001021A60002318461437BD4620
:106F700080BC7047002C01400034014000040040F8
:106F800000080040000C004080B582B000AF78607F
:106F90007B681B681B6903F00203022B22D17B680C
:106FA0001B68DB6803F00203022B1BD17B681B68A4
:106FB0006FF002021A617B6801221A777B681B68F6
:106FC0009B6903F00303002B03D0786800F0B4F949
:106FD00005E0786800F0A7F9786800F0B6F97B68FA
:106FE00000221A777B681B681B6903F00403042BDB
:106FF00022D17B681B68DB6803F00403042B1BD1E0
:107000007B681B686FF004021A617B6802221A77A2
:107010007B681B689B6903F44073002B03D078687E
:1070200000F08AF905E0786800F07DF9786800F0F2
:107030008CF97B6800221A777B681B681B6903F058
:107040000803082B22D17B681B68DB6803F0080368
:10705000082B1BD17B681B686FF008021A617B68E4
:1070600004221A777B681B68DB6903F00303002B9B
:1070700003D0786800F060F905E0786800F053F913
:10708000786800F062F97B6800221A777B681B68D9
:107090001B6903F01003102B22D17B681B68DB688F
:1070A00003F01003102B1BD17B681B686FF01002DC
:1070B0001A617B6808221A777B681B68DB6903F416
:1070C0004073002B03D0786800F036F905E078684B
:1070D00000F029F9786800F038F97B6800221A7707
:1070E0007B681B681B6903F00103012B0ED17B68D1
:1070F0001B68DB6803F00103012B07D17B681B6869
:107100006FF001021A617868FBF7C8FA7B681B68A8
:107110001B6903F08003802B0ED17B681B68DB6842
:1071200003F08003802B07D17B681B686FF080021F
:107130001A61786800F0A1FA7B681B681B6903F08C
:107140004003402B0ED17B681B68DB6803F04003D3
:10715000402B07D17B681B686FF040021A6178688A
:1071600000F0FCF87B681B681B6903F02003202BF0
:107170000ED17B681B68DB6803F02003202B07D14E
:107180007B681B686FF020021A61786800F06CFA67
:1071900000BF0837BD4680BD80B584B000AF7860C1
:1071A00039600023FB737B6893F83C30012B01D1DD
:1071B0000223B4E07B68012283F83C207B68022232
:1071C00083F83D207B681B689B68BB60BB6823F02D
:1071D0007703BB60BB6823F47F43BB607B681B689D
:1071E000BA689A603B681B68B3F5005F3ED0B3F5A0
:1071F000005F00F28780B3F5805F00F08680B3F512
:10720000805F7FD8702B1AD0702B7BD8602B50D02A
:10721000602B77D8502B3CD0502B73D8402B58D0B4
:10722000402B6FD8302B64D0302B6BD8202B60D004
:10723000202B67D8002B5CD0102B5AD062E07B68E3
:1072400018683B6899683B685A683B68DB6800F0DF
:1072500080F97B681B689B68BB60BB6843F0770361
:10726000BB607B681B68BA689A604FE07B681868EF
:107270003B6899683B685A683B68DB6800F069F9CD
:107280007B681B689A687B681B6842F480429A603E
:107290003CE07B6818683B6859683B68DB681A46C5
:1072A00000F0E0F87B681B685021184600F037F9C1
:1072B0002CE07B6818683B6859683B68DB681A46B5
:1072C00000F0FEF87B681B686021184600F027F983
:1072D0001CE07B6818683B6859683B68DB681A46A5
:1072E00000F0C0F87B681B684021184600F017F9D1
:1072F0000CE07B681A683B681B681946104600F072
:107300000EF903E00123FB7300E000BF7B6801225C
:1073100083F83D207B68002283F83C20FB7B1846E5
:107320001037BD4680BD80B483B000AF786000BF29
:107330000C37BD4680BC704780B483B000AF786026
:1073400000BF0C37BD4680BC704780B483B000AF2F
:10735000786000BF0C37BD4680BC704780B483B0F6
:1073600000AF786000BF0C37BD4680BC704700009E
:1073700080B485B000AF786039607B681B68FB60C3
:107380007B68334A934213D07B68324A93420FD0D2
:107390007B68B3F1804F0BD07B682F4A934207D0B4
:1073A0007B682E4A934203D07B682D4A934208D1D2
:1073B000FB6823F07003FB603B685B68FA6813436B
:1073C000FB607B68224A934213D07B68214A934238
:1073D0000FD07B68B3F1804F0BD07B681E4A93427D
:1073E00007D07B681D4A934203D07B681C4A9342B6
:1073F00008D1FB6823F44073FB603B68DB68FA68E4
:107400001343FB60FB6823F080023B685B69134316
:10741000FB607B68FA681A603B689A687B68DA628E
:107420003B681A687B689A627B68094A934203D07A
:107430007B68084A934203D13B681A697B681A63E8
:107440007B6801225A6100BF1437BD4680BC70477B
:10745000002C0140003401400004004000080040BE
:10746000000C004080B487B000AFF860B9607A606B
:10747000FB681B6A7B61FB681B6A23F00102FB68E7
:107480001A62FB689B693B613B6923F0F0033B6137
:107490007B681B013A6913433B617B6923F00A0354
:1074A0007B617A69BB6813437B61FB683A699A61C7
:1074B000FB687A691A6200BF1C37BD4680BC704702
:1074C00080B487B000AFF860B9607A60FB681B6A6F
:1074D0007B61FB681B6A23F01002FB681A62FB6881
:1074E0009B693B613B6923F470433B617B681B03F1
:1074F0003A6913433B617B6923F0A0037B61BB685E
:107500001B017A6913437B61FB683A699A61FB68E6
:107510007A691A6200BF1C37BD4680BC704780B4D0
:1075200085B000AF786039607B689B68FB60FB6862
:1075300023F07003FB603A68FB68134343F00703D2
:10754000FB607B68FA689A6000BF1437BD4680BC58
:10755000704780B487B000AFF860B9607A603B6074
:10756000FB689B687B617B6923F47F437B613B689D
:107570001A027B681A43BB6813437A6913437B6121
:10758000FB687A699A6000BF1C37BD4680BC7047B3
:1075900080B485B000AF786039607B6893F83C3088
:1075A000012B01D1022350E07B68012283F83C20AB
:1075B0007B68022283F83D207B681B685B68FB6068
:1075C0007B681B689B68BB60FB6823F07003FB60F3
:1075D0003B681B68FA681343FB607B681B68FA68AA
:1075E0005A607B681B681B4A934218D07B681B68F3
:1075F000194A934213D07B681B68B3F1804F0ED0B9
:107600007B681B68154A934209D07B681B68144A43
:10761000934204D07B681B68124A93420CD1BB682A
:1076200023F08003BB603B685B68BA681343BB60B0
:107630007B681B68BA689A607B68012283F83D20EA
:107640007B68002283F83C20002318461437BD468F
:1076500080BC7047002C0140003401400004004011
:1076600000080040000C004080B483B000AF786098
:1076700000BF0C37BD4680BC704780B483B000AFFC
:10768000786000BF0C37BD4680BC704780B582B0C3
:1076900000AF78607B68002B01D1012342E07B685A
:1076A00093F84130DBB2002B06D17B68002283F8CF
:1076B00040207868FBF736FC7B68242283F8412061
:1076C0007B681B68DA687B681B6822F40052DA600A
:1076D000786800F02BF87B681B681A697B681B6868
:1076E00022F490421A617B681B685A697B681B68A8
:1076F00022F02A025A617B681B68DA687B681B6883
:1077000042F40052DA607B6800225A647B682022CF
:1077100083F841207B68202283F842207B68002286
:107720005A63002318460837BD4680BD80B584B033
:1077300000AF78607B681B681B6923F440517B684D
:10774000DA687B681B680A431A617B689A687B6801
:107750001B691A437B685B691343BB607B681B68CA
:10776000DB6823F4B05323F00C037A681268B9681D
:107770000B43D3607B681B685B6923F440717B68B3
:107780009A697B681B680A435A617B681B682C4AAC
:10779000934203D1FEF750FDF86002E0FEF738FD9A
:1077A000F860FA6813469B0013449A001A447B68F9
:1077B0005B689B00B2FBF3F3224AA2FB03235B0945
:1077C0001901FA6813469B0013449A001A447B6817
:1077D0005B689B00B2FBF3F21A4BA3FB02035B094D
:1077E000642000FB03F3D31A1B013233154AA2FBBA
:1077F00003235B0903F0F0031944FA6813469B0066
:1078000013449A001A447B685B689B00B2FBF3F256
:107810000C4BA3FB02035B09642000FB03F3D31AA8
:107820001B013233074AA2FB03235B0903F00F025B
:107830007B681B680A449A6000BF1037BD4680BD54
:10784000003801401F85EB5180B485B000AFEFF3E5
:107850000583BB60BB68002B0FD1EFF310837B6007
:107860007B68002B09D1104B1B68022B09D1EFF369
:1078700011833B603B68002B03D06FF00503FB6076
:107880000CE0094B1B68002B05D1074B01221A6045
:107890000023FB6002E04FF0FF33FB60FB681846FB
:1078A0001437BD4680BC70473008002080B584B0D6
:1078B00000AFEFF30583BB60BB68002B0FD1EFF384
:1078C00010837B607B68002B09D1114B1B68022B56
:1078D00009D1EFF311833B603B68002B03D06FF0BD
:1078E0000503FB600EE00A4B1B68012B07D1084B18
:1078F00002221A6001F082F90023FB6002E04FF0DF
:10790000FF33FB60FB6818461037BD4680BD00BFE3
:107910003008002080B592B004AFF860B9607A609A
:1079200000237B61EFF305837B627B6A002B40F0D1
:107930009480EFF310833B623B6A002B40F08D8014
:10794000484B1B68022B06D1EFF31183FB61FB69E7
:10795000002B40F08280FB68002B7ED080233B63AD
:107960001823FB620023FB7607F11B037B634FF0B8
:10797000FF33BB627B68002B45D07B681B68002B04
:1079800002D07B681B687B637B689B69002B02D0FD
:107990007B689B69FB62FB6A002B08D0FB6A382B73
:1079A00005D87B685B6803F00103002B01D000233E
:1079B00054E07B685B69002B03D07B685B699B08A4
:1079C0003B637B689B68002B0ED07B68DB68A72B32
:1079D0000AD97B681B69002B06D07B685B69002B8A
:1079E00002D00123BB6210E07B689B68002B0CD1A6
:1079F0007B68DB68002B08D17B681B69002B04D1F6
:107A00000023BB6201E00023BB62BB6A012B10D1E3
:107A10007B681B697A68926802920193FB6A009303
:107A2000BB683A6B796BF86800F0FEFE03467B6139
:107A300013E0BB6A002B10D13B6B9AB207F1140321
:107A40000193FB6A0093BB68796BF86800F04BFF09
:107A50000346012B01D000237B617B691846383730
:107A6000BD4680BD3008002080B586B000AF78608C
:107A7000EFF305833B613B69002B0FD1EFF31083DC
:107A8000FB60FB68002B09D10D4B1B68022B09D151
:107A9000EFF31183BB60BB68002B03D06FF00503CD
:107AA0007B6107E000237B617B68002B02D0786854
:107AB00001F06EF87B6918461837BD4680BD00BFDF
:107AC0003008002080B584B000AF7860786802F09C
:107AD00095F9F860FB68002B05D0FB681B68FA6815
:107AE00052681046984700BF1037BD4680BD000061
:107AF00080B58EB002AFF8607A603B600B46FB72D7
:107B00000023BB62EFF30583BB61BB69002B6AD125
:107B1000EFF310837B617B69002B64D1344B1B68CE
:107B2000022B05D1EFF311833B613B69002B5AD146
:107B3000FB68002B57D0082002F072FBF861FB694C
:107B4000002B50D0FB69FA681A60FB697A685A60AA
:107B5000FB7A002B02D100237B6201E001237B62D0
:107B60004FF0FF333B620023FB623B68002B1CD0CD
:107B70003B681B68002B02D03B681B68FB623B68BC
:107B80009B68002B06D03B68DB682F2B02D90123B2
:107B90003B620CE03B689B68002B08D13B68DB68CC
:107BA000002B04D100233B6201E000233B623B6ACF
:107BB000012B0CD13B689B6801930E4B0093FB6932
:107BC0007A6A0121F86A01F0D0FDB8620BE03B6AE5
:107BD000002B08D1074B0093FB697A6A0121F86AF0
:107BE00001F0A2FDB862BB6A18463037BD4680BDC1
:107BF00030080020C57A000880B58AB002AF7860EE
:107C000039607B68BB61EFF305837B617B69002B87
:107C10000FD1EFF310833B613B69002B09D1154B6A
:107C20001B68022B09D1EFF31183FB60FB68002B6B
:107C300003D06FF00503FB6117E0BB69002B03D194
:107C40006FF00303FB6110E00023009300233A6808
:107C50000421B86901F0FCFD0346012B02D1002389
:107C6000FB6102E06FF00203FB61FB6918462037FD
:107C7000BD4680BD3008002080B485B000AFF860FC
:107C8000B9607A60FB68064A1A60BB68054A1A60E8
:107C90007B6880221A6000BF1437BD4680BC7047E5
:107CA00034080020DC08002080B485B000AFF86004
:107CB000B9607A60FB68074A1A60BB68064A1A60B6
:107CC0007B684FF480721A6000BF1437BD4680BCD9
:107CD000704700BFDC0A0020840B002080B483B012
:107CE00000AF78607B6803F108027B685A607B68AC
:107CF0004FF0FF329A607B6803F108027B68DA601C
:107D00007B6803F108027B681A617B6800221A60B5
:107D100000BF0C37BD4680BC704780B483B000AF55
:107D200078607B6800221A6100BF0C37BD4680BCBA
:107D3000704780B485B000AF786039607B685B685D
:107D4000FB603B68FA685A60FB689A683B689A6017
:107D5000FB689B683A685A60FB683A689A603B68BF
:107D60007A681A617B681B685A1C7B681A6000BFBE
:107D70001437BD4680BC704780B485B000AF7860D2
:107D800039603B681B68BB60BB68B3F1FF3F03D140
:107D90007B681B69FB600CE07B680833FB6002E0DA
:107DA000FB685B68FB60FB685B681B68BA689A42AB
:107DB000F6D2FB685A683B685A603B685B683A6871
:107DC0009A603B68FA689A60FB683A685A603B6858
:107DD0007A681A617B681B685A1C7B681A6000BF4E
:107DE0001437BD4680BC704780B485B000AF786062
:107DF0007B681B69FB607B685B687A6892689A6045
:107E00007B689B687A6852685A60FB685B687A682E
:107E10009A4203D17B689A68FB685A607B680022AB
:107E20001A61FB681B685A1EFB681A60FB681B68B6
:107E300018461437BD4680BC7047000080B584B03A
:107E400000AF786039607B68FB60FB68002B0BD16A
:107E50004FF0500383F31188BFF36F8FBFF34F8F41
:107E6000BB6000BF00BFFDE702F0D8F8FB681A68EE
:107E7000FB68DB6BF968096C01FB03F31A44FB68D0
:107E80005A60FB6800229A63FB681A68FB689A6074
:107E9000FB681A68FB68DB6B013BF968096C01FB46
:107EA00003F31A44FB68DA60FB68FF2283F844207E
:107EB000FB68FF2283F845203B68002B14D1FB6848
:107EC0001B69002B1AD0FB681033184601F036F9F5
:107ED0000346002B12D00D4B4FF080521A60BFF3B7
:107EE0004F8FBFF36F8F09E0FB6810331846FFF721
:107EF000F5FEFB6824331846FFF7F0FE02F0BEF8EB
:107F0000012318461037BD4680BD00BF04ED00E0D8
:107F100080B58EB002AFF860B9607A603B60FB68F4
:107F2000002B0BD14FF0500383F31188BFF36F8FF9
:107F3000BFF34F8FBB6200BF00BFFDE73B68002B64
:107F40000BD14FF0500383F31188BFF36F8FBFF352
:107F50004F8F7B6200BF00BFFDE77B68002B02D024
:107F6000BB68002B01D0012300E00023002B0BD1C4
:107F70004FF0500383F31188BFF36F8FBFF34F8F20
:107F80003B6200BF00BFFDE77B68002B02D1BB68EE
:107F9000002B01D1012300E00023002B0BD14FF077
:107FA000500383F31188BFF36F8FBFF34F8FFB61D3
:107FB00000BF00BFFDE750237B617B69502B0BD0D6
:107FC0004FF0500383F31188BFF36F8FBFF34F8FD0
:107FD000BB6100BF00BFFDE73B68FB62FB6A002B93
:107FE0000DD0FB6A012283F8462097F83820FB6AFF
:107FF000009313467A68B968F86800F005F8FB6AE0
:1080000018463037BD4680BD80B584B000AFF860FB
:10801000B9607A60FB70BB68002B03D1BB69BA6999
:108020001A6002E0BB697A681A60BB69FA68DA63B1
:10803000BB69BA681A640121B869FFF7FFFEBB6922
:10804000FA7883F84C2000BF1037BD4680BD000091
:1080500080B58EB000AFF860B9607A603B600023F5
:108060007B63FB683B633B6B002B0BD14FF05003F2
:1080700083F31188BFF36F8FBFF34F8FBB6200BFD5
:1080800000BFFDE7BB68002B03D13B6B1B6C002BD3
:1080900001D1012300E00023002B0BD14FF050034E
:1080A00083F31188BFF36F8FBFF34F8F7B6200BFE5
:1080B00000BFFDE73B68022B03D13B6BDB6B012B61
:1080C00001D1012300E00023002B0BD14FF050031E
:1080D00083F31188BFF36F8FBFF34F8F3B6200BFF5
:1080E00000BFFDE701F0F4F90346002B02D17B68E5
:1080F000002B01D1012300E00023002B0BD14FF016
:10810000500383F31188BFF36F8FBFF34F8FFB6171
:1081100000BF00BFFDE701F081FF3B6B9A6B3B6B3B
:10812000DB6B9A4202D33B68022B29D13A68B968CB
:10813000386B00F00DFAF8623B6B5B6A002B10D0D5
:108140003B6B2433184600F0F9FF0346002B13D095
:108150003F4B4FF080521A60BFF34F8FBFF36F8FCA
:108160000AE0FB6A002B07D0394B4FF080521A60AF
:10817000BFF34F8FBFF36F8F01F080FF012363E0E8
:108180007B68002B03D101F079FF00235CE07B6B5F
:10819000002B06D107F11403184601F033F8012330
:1081A0007B6301F06BFF00F099FD01F037FF3B6B43
:1081B00093F844305BB2B3F1FF3F03D13B6B002235
:1081C00083F844203B6B93F845305BB2B3F1FF3F3B
:1081D00003D13B6B002283F8452001F04FFF3A1D8D
:1081E00007F114031146184601F022F80346002B4C
:1081F00024D1386B00F0A4FA0346002B18D03B6B57
:1082000010337A681146184600F046FF386B00F0CC
:108210002FFA00F071FD0346002B7FF47CAF0C4B6E
:108220004FF080521A60BFF34F8FBFF36F8F72E72A
:10823000386B00F01DFA00F05FFD6CE7386B00F062
:1082400017FA00F059FD002318463837BD4680BDA7
:1082500004ED00E080B58EB000AFF860B9607A60E0
:108260003B60FB683B633B6B002B0BD14FF0500333
:1082700083F31188BFF36F8FBFF34F8F7B6200BF13
:1082800000BFFDE7BB68002B03D13B6B1B6C002BD1
:1082900001D1012300E00023002B0BD14FF050034C
:1082A00083F31188BFF36F8FBFF34F8F3B6200BF23
:1082B00000BFFDE73B68022B03D13B6BDB6B012B5F
:1082C00001D1012300E00023002B0BD14FF050031C
:1082D00083F31188BFF36F8FBFF34F8FFB6100BF34
:1082E00000BFFDE701F05CFFEFF311824FF0500398
:1082F00083F31188BFF36F8FBFF34F8FBA617B6138
:10830000BB69FB623B6B9A6B3B6BDB6B9A4202D3A4
:108310003B68022B2CD13B6B93F8453087F82B3010
:108320003A68B968386B00F013F997F92B30B3F15C
:10833000FF3F12D13B6B5B6A002B16D03B6B2433A3
:10834000184600F0FBFE0346002B0ED07B68002B86
:108350000BD07B6801221A6007E097F82B300133BD
:10836000DBB25AB23B6B83F8452001237B6301E00B
:1083700000237B63FB6A3B613B6983F3118800BF89
:108380007B6B18463837BD4680BD000080B58CB089
:1083900000AFF860B9607A600023FB62FB68BB62E3
:1083A000BB6A002B0BD14FF0500383F31188BFF34E
:1083B0006F8FBFF34F8F3B6200BF00BFFDE7BB680D
:1083C000002B03D1BB6A1B6C002B01D1012300E001
:1083D0000023002B0BD14FF0500383F31188BFF320
:1083E0006F8FBFF34F8FFB6100BF00BFFDE701F050
:1083F0006FF80346002B02D17B68002B01D10123CB
:1084000000E00023002B0BD14FF0500383F31188C1
:10841000BFF36F8FBFF34F8FBB6100BF00BFFDE79E
:1084200001F0FCFDBB6A9B6B7B627B6A002B1FD05B
:10843000B968B86A00F0F6F87B6A5A1EBB6A9A639C
:10844000BB6A1B69002B0FD0BB6A1033184600F0C3
:1084500075FE0346002B07D03C4B4FF080521A604C
:10846000BFF34F8FBFF36F8F01F008FE012369E068
:108470007B68002B03D101F001FE002362E0FB6A60
:10848000002B06D107F11003184600F0BBFE0123B4
:10849000FB6201F0F3FD00F021FC01F0BFFDBB6ABF
:1084A00093F844305BB2B3F1FF3F03D1BB6A0022C3
:1084B00083F84420BB6A93F845305BB2B3F1FF3FC9
:1084C00003D1BB6A002283F8452001F0D7FD3A1D95
:1084D00007F110031146184600F0AAFE0346002BD0
:1084E00023D1B86A00F016F90346002B17D0BB6AF7
:1084F00024337A681146184600F0CEFDB86A00F0C1
:10850000B7F800F0F9FB0346002B89D10F4B4FF071
:1085100080521A60BFF34F8FBFF36F8F80E7B86A46
:1085200000F0A6F800F0E8FB7AE7B86A00F0A0F8DF
:1085300000F0E2FBB86A00F0EDF80346002B3FF4D0
:108540006FAF002318463037BD4680BD04ED00E014
:1085500080B586B000AFF860B9607A6000237B61B7
:10856000FB689B6B3B61FB681B6C002B0DD1FB68B0
:108570001B68002B4DD1FB685B68184600F0C6FFF6
:108580007861FB6800225A6043E07B68002B19D1B8
:10859000FB689868FB681B6C1A46B96803F01BF807
:1085A000FB689A68FB681B6C1A44FB689A60FB685E
:1085B0009A68FB685B689A422BD3FB681A68FB6871
:1085C0009A6026E0FB68D868FB681B6C1A46B9689D
:1085D00003F001F8FB68DA68FB681B6C5B421A4425
:1085E000FB68DA60FB68DA68FB681B689A4207D2AE
:1085F000FB685A68FB681B6C5B421A44FB68DA60D4
:108600007B68022B05D13B69002B02D03B69013B03
:108610003B613B695A1CFB689A637B6918461837B3
:10862000BD4680BD80B582B000AF786039607B68A0
:108630001B6C002B18D07B68DA687B681B6C1A44B3
:108640007B68DA607B68DA687B685B689A4203D390
:108650007B681A687B68DA607B68D9687B681B6C0A
:108660001A46386802F0B7FF00BF0837BD4680BD24
:1086700080B584B000AF786001F0D0FC7B6893F8DF
:108680004530FB7311E07B685B6A002B12D07B687E
:108690002433184600F052FD0346002B01D000F0B1
:1086A0002BFEFB7B013BDBB2FB7397F90F30002BFA
:1086B000E9DC00E000BF7B68FF2283F8452001F081
:1086C000DDFC01F0ABFC7B6893F84430BB7311E038
:1086D0007B681B69002B12D07B681033184600F0B2
:1086E0002DFD0346002B01D000F006FEBB7B013BB5
:1086F000DBB2BB7397F90E30002BE9DC00E000BF62
:108700007B68FF2283F8442001F0B8FC00BF1037DB
:10871000BD4680BD80B584B000AF786001F07EFCBE
:108720007B689B6B002B02D10123FB6001E00023DF
:10873000FB6001F0A3FCFB6818461037BD4680BD06
:1087400080B584B000AF786001F068FC7B689A6BFC
:108750007B68DB6B9A4202D10123FB6001E00023BE
:10876000FB6001F08BFCFB6818461037BD4680BDEE
:1087700080B485B000AF786039600023FB6014E0FE
:108780000E4AFB6852F83330002B0BD10B49FB68C3
:108790003A6841F83320094AFB68DB0013447A68E1
:1087A0005A6006E0FB680133FB60FB68072BE7D9E2
:1087B00000BF00BF1437BD4680BC7047840F002047
:1087C00080B586B000AFF860B9607A60FB687B6105
:1087D00001F024FC7B6993F844305BB2B3F1FF3FB6
:1087E00003D17B69002283F844207B6993F84530EC
:1087F0005BB2B3F1FF3F03D17B69002283F84520D0
:1088000001F03CFC7B699B6B002B06D17B69243318
:108810007A68B968184600F065FC7869FFF728FFA8
:1088200000BF1837BD4680BD80B58EB004AFF8607C
:10883000B9607A603B607B6B002B0BD14FF050032B
:1088400083F31188BFF36F8FBFF34F8F3B6200BF7D
:1088500000BFFDE7BB6B002B0BD14FF0500383F340
:108860001188BFF36F8FBFF34F8FFB6100BF00BF55
:10887000FDE7A8233B613B69A82B0BD04FF05003C9
:1088800083F31188BFF36F8FBFF34F8FBB6100BFBE
:1088900000BFFDE7BB6B002B1ED07B6B002B1BD0FA
:1088A000BB6B7B627B6A7A6B1A637B6A022283F8FA
:1088B000A520002303937B6A029307F1140301931D
:1088C0003B6B00933B687A68B968F86800F050F831
:1088D000786A00F0EDF801E000237B617B691846BF
:1088E0002837BD4680BD80B58CB004AFF860B96054
:1088F0003B601346FB80FB889B00184601F090FC10
:1089000078617B69002B0ED0A82001F089FCF8610A
:10891000FB69002B03D0FB697A691A6305E078696B
:1089200001F046FD01E00023FB61FB69002B17D03D
:10893000FB69002283F8A520FA8800230393FB69D2
:108940000293FB6A0193BB6A00933B68B968F868BD
:1089500000F00EF8F86900F0ABF80123BB6102E00B
:108960004FF0FF33BB61BB6918462037BD4680BD61
:1089700080B588B000AFF860B9607A603B603B6B4F
:10898000186B7B689B001A46A52102F040FD3B6BEB
:108990001A6B7B6803F18043013B9B001344BB616E
:1089A000BB6923F00703BB61BB6903F00703002B1E
:1089B0000BD04FF0500383F31188BFF36F8FBFF3D9
:1089C0004F8F7B6100BF00BFFDE70023FB6112E01A
:1089D000BA68FB69134419783A6BFB691344343362
:1089E0000A461A70BA68FB6913441B78002B06D03C
:1089F000FB690133FB61FB690F2BE9D900E000BF84
:108A00003B6B002283F84320BB6A372B01D9372305
:108A1000BB623B6BBA6ADA623B6BBA6ADA643B6B85
:108A200000221A653B6B04331846FFF776F93B6B5F
:108A300018331846FFF771F93B6B3A6B1A61BB6A42
:108A4000C3F138023B6B9A613B6B3A6B5A623B6BEA
:108A50000022C3F8A0203B6B002283F8A4203B6BCC
:108A600054334C220021184602F0D1FC3B6B0D4AD6
:108A70009A653B6B0C4ADA653B6B0C4A1A663A689E
:108A8000F968B86901F0DCF902463B6B1A60FB6AD1
:108A9000002B02D0FB6A3A6B1A6000BF2037BD463C
:108AA00080BD00BF1046002078460020E046002030
:108AB00080B582B000AF786001F0B0FA2D4B1B6832
:108AC00001332C4A13602C4B1B68002B09D12A4A16
:108AD0007B681360274B1B68012B10D100F030FC22
:108AE0000DE0264B1B68002B09D1234B1B68DA6A6B
:108AF0007B68DB6A9A4202D81F4A7B681360204B6E
:108B00001B6801331E4A13601D4B1A687B685A6448
:108B10007B68DA6A1B4B1B689A4203D97B68DB6A65
:108B2000184A13607B68DA6A13469B0013449B0063
:108B3000154A1A447B68043319461046FFF7F9F8C2
:108B400001F09CFA0D4B1B68002B0ED00A4B1B68E2
:108B5000DA6A7B68DB6A9A4207D20C4B4FF080528C
:108B60001A60BFF34F8FBFF36F8F00BF0837BD464A
:108B700080BD00BF98140020C40F0020A414002062
:108B8000B4140020A0140020C80F002004ED00E061
:108B900080B584B000AF78600023FB607B68002B59
:108BA00018D0144B1B68002B0BD04FF0500383F3ED
:108BB0001188BFF36F8FBFF34F8FBB6000BF00BF43
:108BC000FDE700F08BF80021786800F00FFD00F061
:108BD00093F8F860FB68002B07D1074B4FF08052E9
:108BE0001A60BFF34F8FBFF36F8F00BF1037BD46C2
:108BF00080BD00BFC014002004ED00E080B58AB045
:108C000004AF0023BB6000237B603A46391D07F1A7
:108C100008031846FFF730F839687B68BA68029293
:108C200001930023009300230A4624492448FFF7B8
:108C3000FBFD0346234A1360224B1B68002B02D026
:108C400001237B6101E000237B617B69012B02D161
:108C500000F020FD78617B69012B1BD14FF05003A0
:108C600083F31188BFF36F8FBFF34F8F3B6100BF5A
:108C7000154B1B685433154A1360154B4FF0FF32E8
:108C80001A60144B01221A60134B00221A6001F083
:108C900053F90FE07B69B3F1FF3F0BD14FF0500365
:108CA00083F31188BFF36F8FBFF34F8FFB6000BF5B
:108CB00000BFFDE700BF1837BD4680BDA8D600083D
:108CC00011930008BC140020C40F00206400002091
:108CD000B8140020A41400209C14002080B400AF1D
:108CE000044B1B680133034A136000BFBD4680BCC0
:108CF000704700BFC014002080B584B000AF0023CF
:108D0000FB600023BB60424B1B68002B0BD14FF074
:108D1000500383F31188BFF36F8FBFF34F8F3B6016
:108D200000BF00BFFDE701F079F9394B1B68013B3B
:108D3000374A1360364B1B68002B62D1354B1B68DA
:108D4000002B5ED02FE0344BDB68DB68FB60FB68F8
:108D500018331846FFF748F8FB6804331846FFF746
:108D600043F8FB68DA6A2D4B1B689A4203D9FB680B
:108D7000DB6A2A4A1360FB68DA6A13469B001344D5
:108D80009B00274A1A44FB68043319461046FEF735
:108D9000D0FFFB68DA6A234B1B68DB6A9A4202D376
:108DA000214B01221A601C4B1B68002BCBD1FB68A6
:108DB000002B01D000F068FB1C4B1B687B607B68BC
:108DC000002B10D000F044F80346002B02D0164BC5
:108DD00001221A607B68013B7B607B68002BF1D12C
:108DE000124B00221A60104B1B68002B09D0012384
:108DF000BB600F4B4FF080521A60BFF34F8FBFF331
:108E00006F8F01F03BF9BB6818461037BD4680BD37
:108E1000C01400209814002058140020A014002032
:108E2000C80F0020C40F0020AC140020A81400209C
:108E300004ED00E080B483B000AF044B1B687B609E
:108E40007B6818460C37BD4680BC70479C140020D8
:108E500080B586B000AF00237B61524B1B68002BAE
:108E600040F08F80504B1B6801333B614E4A3B6999
:108E700013603B69002B21D14C4B1B681B68002BF6
:108E80000BD04FF0500383F31188BFF36F8FBFF304
:108E90004F8F3B6000BF00BFFDE7444B1B68FB608A
:108EA000434B1B68414A1360414AFB681360414BC6
:108EB0001B6801333F4A136000F0E6FA3E4B1B6823
:108EC0003A699A424ED3394B1B681B68002B01D17B
:108ED000012300E00023002B04D0374B4FF0FF327A
:108EE0001A603FE0314B1B68DB68DB68BB60BB6826
:108EF0005B687B603A697B689A4203D22E4A7B6842
:108F000013602FE0BB6804331846FEF76DFFBB68A3
:108F10009B6A002B04D0BB6818331846FEF764FF29
:108F2000BB68DA6A254B1B689A4203D9BB68DB6AC7
:108F3000224A1360BB68DA6A13469B0013449B0005
:108F40001F4A1A44BB68043319461046FEF7F1FE67
:108F5000BB68DA6A1B4B1B68DB6A9A42B3D30123F6
:108F60007B61B0E7174B1B68DA6A154913469B0013
:108F700013449B000B441B68012B07D901237B6121
:108F800004E0114B1B6801330F4A13600F4B1B6841
:108F9000002B01D001237B617B6918461837BD4641
:108FA00080BD00BFC01400209C140020501400207D
:108FB00054140020B0140020B8140020A014002085
:108FC000C80F0020C40F0020A8140020AC140020FB
:108FD00080B485B000AF2A4B1B68002B03D0294B0F
:108FE00001221A6047E0274B00221A60264B1B68BB
:108FF000FB6011E0FB68002B0BD14FF0500383F3B3
:109000001188BFF36F8FBFF34F8F7B6000BF00BF2E
:10901000FDE7FB68013BFB601C49FA6813469B00B7
:1090200013449B000B441B68002BE3D0FA681346E3
:109030009B0013449B00154A1344BB60BB685B68EC
:109040005A68BB685A60BB685A68BB6808339A4262
:1090500004D1BB685B685A68BB685A60BB685B68D0
:10906000DB680B4A1360084AFB681360084B1B68F7
:109070005433084A136000BF1437BD4680BC7047A4
:10908000C0140020AC140020A0140020C80F002041
:10909000C40F00206400002080B584B000AF786069
:1090A00039607B68002B0BD14FF0500383F311889C
:1090B000BFF36F8FBFF34F8FFB6000BF00BFFDE7B3
:1090C000074B1B68183319467868FEF755FE0121D7
:1090D000386800F08BFA00BF1037BD4680BD00BF76
:1090E000C40F002080B586B000AFF860B9607A6028
:1090F000FB68002B0BD14FF0500383F31188BFF3B3
:109100006F8FBFF34F8F7B6100BF00BFFDE70A4B3E
:109110001B6818331946F868FEF70BFE7B68002BB6
:1091200002D04FF0FF33BB607968B86800F05EFA98
:1091300000BF1837BD4680BDC40F002080B586B083
:1091400000AF78607B68DB68DB683B613B69002BC4
:109150000BD14FF0500383F31188BFF36F8FBFF330
:109160004F8FFB6000BF00BFFDE73B691833184617
:10917000FEF73AFE1D4B1B68002B1DD13B690433E3
:109180001846FEF731FE3B69DA6A194B1B689A42B2
:1091900003D93B69DB6A164A13603B69DA6A1346F6
:1091A0009B0013449B00134A1A443B69043319463D
:1091B0001046FEF7BEFD05E03B69183319460E4820
:1091C000FEF7B7FD3B69DA6A0C4B1B68DB6A9A4213
:1091D00005D901237B610A4B01221A6001E00023BB
:1091E0007B617B6918461837BD4680BDC0140020DE
:1091F000A0140020C80F002058140020C40F002025
:10920000AC14002080B483B000AF7860064B1A68BD
:109210007B681A60054B1A687B685A6000BF0C3780
:10922000BD4680BC704700BFB01400209C140020D5
:1092300080B588B000AF786039607B68002B0BD1B7
:109240004FF0500383F31188BFF36F8FBFF34F8F3D
:109250003B6100BF00BFFDE73B68002B0BD14FF027
:10926000500383F31188BFF36F8FBFF34F8FFB6001
:1092700000BF00BFFDE700F0D1FE1D4B1B68BB61C6
:109280007B685B68BA69D31A7B613B681B68B3F182
:10929000FF3F02D10023FB6123E07B681A68154B76
:1092A0001B689A4207D07B685B68BA699A4202D30E
:1092B0000123FB6115E03B681B687A699A420BD277
:1092C0003B681A687B69D21A3B681A607868FFF7B6
:1092D00099FF0023FB6104E03B6800221A60012330
:1092E000FB6100F0CBFEFB6918462037BD4680BD10
:1092F0009C140020B014002080B400AF034B012266
:109300001A6000BFBD4680BC704700BFAC1400208F
:1093100080B582B000AF786000F052F8064B1B6851
:10932000012BF9D9054B4FF080521A60BFF34F8FD4
:10933000BFF36F8FF0E700BFC80F002004ED00E01F
:1093400080B582B000AF00237B600CE07A681346E2
:109350009B0013449B00124A13441846FEF7BEFCC0
:109360007B6801337B607B68372BEFD90D48FEF7B4
:10937000B5FC0D48FEF7B2FC0C48FEF7AFFC0C48FC
:10938000FEF7ACFC0B48FEF7A9FC0B4B054A1A6034
:109390000A4B054A1A6000BF0837BD4680BD00BFB2
:1093A000C80F0020281400203C140020581400206E
:1093B0006C14002084140020501400205414002049
:1093C00080B582B000AF19E000F028FE104BDB68DA
:1093D000DB687B607B6804331846FEF705FD0D4BA8
:1093E0001B68013B0B4A13600B4B1B68013B0A4A8D
:1093F000136000F043FE786800F010F8064B1B681D
:10940000002BE1D100BF00BF0837BD4680BD00BFC3
:109410006C140020981400208014002080B584B0C3
:1094200000AF78607B685433184602F00DF87B6813
:1094300093F8A530002B08D17B681B6B184600F011
:10944000B7FF786800F0B4FF19E07B6893F8A530A7
:10945000012B03D1786800F0ABFF10E07B6893F834
:10946000A530022B0BD04FF0500383F31188BFF3CC
:109470006F8FBFF34F8FFB6000BF00BFFDE700BFE2
:109480001037BD4680BD000080B483B000AF0E4BE6
:109490001B681B68002B01D1012300E00023002B77
:1094A00004D00A4B4FF0FF321A6008E0064B1B68ED
:1094B000DB68DB687B607B685B68044A136000BF25
:1094C0000C37BD4680BC704750140020B8140020F3
:1094D00080B483B000AF0B4B1B68002B02D101237B
:1094E0007B6008E0084B1B68002B02D102237B60E5
:1094F00001E000237B607B6818460C37BD4680BCCA
:10950000704700BFA4140020C014002080B586B0AE
:1095100000AF78607B683B6100237B617B68002B38
:1095200058D02F4B1B683A699A420BD04FF050032A
:1095300083F31188BFF36F8FBFF34F8FFB6000BFC2
:1095400000BFFDE73B691B6D002B0BD14FF05003B3
:1095500083F31188BFF36F8FBFF34F8FBB6000BFE2
:1095600000BFFDE73B691B6D5A1E3B691A653B69ED
:10957000DA6A3B69DB6C9A422CD03B691B6D002B8D
:1095800028D13B6904331846FEF72EFC3B69DA6CA0
:109590003B69DA623B69DB6AC3F138023B699A6175
:1095A0003B69DA6A0F4B1B689A4203D93B69DB6A55
:1095B0000C4A13603B69DA6A13469B0013449B0014
:1095C000094A1A443B69043319461046FEF7B1FBB9
:1095D00001237B617B6918461837BD4680BD00BFFB
:1095E000C40F0020A0140020C80F002080B584B054
:1095F00000AF78603960214B1B68FB60204B1B6813
:1096000004331846FEF7F0FB7B68B3F1FF3F0AD145
:109610003B68002B07D01A4B1B68043319461948C6
:10962000FEF787FB26E0FA687B681344BB60144BA7
:109630001B68BA685A60BA68FB689A4209D2124B32
:109640001A680F4B1B68043319461046FEF794FB4B
:1096500010E00E4B1A680A4B1B680433194610467B
:10966000FEF78AFB0A4B1B68BA689A4202D2084A84
:10967000BB68136000BF1037BD4680BD9C1400203E
:10968000C40F002084140020541400205014002023
:10969000B814002080B58AB004AF00237B6100F0CD
:1096A0006DFB1D4B1B68002B21D00023FB600023AA
:1096B000BB603A1D07F1080107F10C031846FEF7DD
:1096C000F3FA7968BB68FA68029201930223009367
:1096D00000230A4611491248FFF7A6F80346114A2B
:1096E0001360104B1B68002B01D001237B617B6949
:1096F000002B0BD14FF0500383F31188BFF36F8F12
:10970000BFF34F8F3B6100BF00BFFDE77B69184689
:109710001837BD4680BD00BFF4140020B0D6000845
:1097200071990008F814002080B588B002AFF86085
:10973000B9607A603B60302000F072FD78617B692F
:10974000002B0DD07B6901933B6A00933B687A68DC
:10975000B968F86800F048F87B69002283F82C208B
:109760007B6918461837BD4680BD80B58AB002AF08
:10977000F860B9607A603B6030233B613B69302B15
:109780000BD04FF0500383F31188BFF36F8FBFF3FB
:109790004F8FBB6100BF00BFFDE7FB6A002B0BD101
:1097A0004FF0500383F31188BFF36F8FBFF34F8FD8
:1097B0007B6100BF00BFFDE7FB6AFB61FB69002B1B
:1097C0000DD0FB690193BB6A00933B687A68B96866
:1097D000F86800F009F8FB69012283F82C20FB6986
:1097E00018462037BD4680BD80B586B000AFF86012
:1097F000B9607A603B60BB68002B0BD14FF050031F
:1098000083F31188BFF36F8FBFF34F8F7B6100BF6E
:1098100000BFFDE77B6A002B15D000F0AFFA7B6A32
:10982000FA681A607B6ABA689A617B6A7A68DA6158
:109830007B6A3A681A627B6A3A6A5A627B6A0433C4
:109840001846FEF76AFA00BF1837BD4680BD000013
:1098500080B58AB000AFF860B9607A603B600023E1
:109860007B62FB68002B0BD14FF0500383F3118810
:10987000BFF36F8FBFF34F8F3B6200BF00BFFDE7A9
:10988000194B1B68002B2AD0BB683B617B687B614E
:10989000FB68BB61BB68052B18DCFFF719FE0346AC
:1098A000022B09D1104B186807F1100100233A6B05
:1098B000FEF7CEFB786212E00B4B186807F110013F
:1098C00000230022FEF7C4FB786208E0064B18680C
:1098D00007F1100100233A68FEF7BCFC78627B6A4E
:1098E00018462837BD4680BDF414002080B588B0E6
:1098F00002AF786039601D4B1B68DB68DB687B61F9
:109900007B6904331846FEF76FFA7B69DB69012B2C
:1099100023D17B699A697B68D1187B683A6878693A
:1099200000F0CCF80346002B17D00023009300234F
:109930007A6800217869FFF78BFF38613B69002B5B
:109940000BD14FF0500383F31188BFF36F8FBFF338
:109950004F8FFB6000BF00BFFDE77B695B6A7869E2
:10996000984700BF1837BD4680BD00BFEC140020EB
:1099700080B584B000AF786007F10803184600F0A6
:1099800059F8F860BB681946F86800F005F800F06F
:10999000D7F800BFF0E7000080B584B000AF786072
:1099A0003960FFF79BF907F10803184600F066F8E5
:1099B000F860BB68002B30D13B68002B0AD17A6875
:1099C000FB689A4206D8FFF797F9F9687868FFF7BD
:1099D0008DFF24E03B68002B08D0134B1B681B68ED
:1099E000002B0CBF01230023DBB23B600F4B186838
:1099F0007A68FB68D31A3A681946FEF7E1FEFFF76A
:109A00007BF90346002B0AD1094B4FF080521A60B4
:109A1000BFF34F8FBFF36F8F01E0FFF76DF900BF0A
:109A20001037BD4680BD00BFF0140020F4140020A4
:109A300004ED00E080B485B000AF78600E4B1B6889
:109A40001B68002B0CBF01230023DBB21A467B6886
:109A50001A607B681B68002B05D1074B1B68DB680D
:109A60001B68FB6001E00023FB60FB6818461437AD
:109A7000BD4680BC704700BFEC14002080B584B0A8
:109A800000AF7860FFF7D6F9F8600B4B1B68FA68F7
:109A90009A4205D200F010F97B6801221A6002E0B8
:109AA0007B6800221A60044AFB681360FB68184652
:109AB0001037BD4680BD00BFFC14002080B586B0C5
:109AC00000AFF860B9607A603B6000237B61FB689F
:109AD000BA685A60FB68FA681A61BA687B689A4289
:109AE00012D87A683B68D21AFB689B699A4202D303
:109AF00001237B611BE0104B1A68FB680433194695
:109B00001046FEF739F912E07A683B689A4206D2AD
:109B1000BA683B689A4202D301237B6107E0074B96
:109B20001A68FB68043319461046FEF725F97B696D
:109B300018461837BD4680BDF0140020EC140020F4
:109B400080B58EB002AFA5E07B68002B19DA3B1D13
:109B50000433FB62FB6A002B0BD14FF0500383F3FD
:109B60001188BFF36F8FBFF34F8FFB6100BF00BF42
:109B7000FDE7FB6A1B68FA6A5068FA6A9268114648
:109B800098477B68002BC0F28580FB68BB62BB6A8C
:109B90005B69002B04D0BB6A04331846FEF724F936
:109BA0003B461846FFF76AFF78627B68092B6CD842
:109BB00001A252F823F000BFE19B0008E19B0008DE
:109BC000E19B00088B9C00083F9C0008799C0008E2
:109BD000E19B0008E19B00088B9C00083F9C00086B
:109BE000BA68BB6A9B69D118BB687A6AB86AFFF722
:109BF00065FF0346002B4AD0BB6A5B6AB86A984788
:109C0000BB6ADB69012B42D1BA68BB6A9B691A4403
:109C10000023009300230021B86AFFF719FE386281
:109C20003B6A002B33D14FF0500383F31188BFF30D
:109C30006F8FBFF34F8FBB6100BF00BFFDE7BA68F6
:109C4000BB6A9A61BB6A9B69002B0BD14FF0500332
:109C500083F31188BFF36F8FBFF34F8F7B6100BF1A
:109C600000BFFDE7BB6A9A697B6AD1187B6A7A6A92
:109C7000B86AFFF723FF0DE0BB6A93F82C30002B86
:109C800007D1B86A00F094FB03E000BF02E000BF18
:109C900000E000BF074B1B68391D00221846FEF785
:109CA00075FB0346002B7FF44FAF00BF00BF30377A
:109CB000BD4680BDF414002080B588B002AF46E0F8
:109CC0002C4B1B68DB681B683B612A4B1B68DB68FD
:109CD000DB68FB60FB6804331846FEF785F8FB6819
:109CE0005B6AF8689847FB68DB69012B2FD1FB683A
:109CF0009B693A691344BB60BA683B699A420ED9C2
:109D0000FB68BA685A60FB68FA681A61194B1A68EE
:109D1000FB68043319461046FEF72EF817E00023BF
:109D2000009300233A690021F868FFF791FD7860FD
:109D30007B68002B0BD14FF0500383F31188BFF3E6
:109D40006F8FBFF34F8F3B6000BF00BFFDE7094B34
:109D50001B681B68002BB3D1064B1B687B61064B4D
:109D60001B68044A1360044A7B69136000BF1837FC
:109D7000BD4680BDEC140020F014002080B582B0F8
:109D800002AF00F04BF9154B1B68002B20D1144893
:109D9000FDF7A4FF1348FDF7A1FF134B104A1A600B
:109DA000124B104A1A6000230093114B114A1021E4
:109DB0000A20FEF7ADF80346084A1360074B1B68FC
:109DC000002B05D0054B1B680B491846FEF7D0FC4D
:109DD00000F054F900BFBD4680BD00BFF414002060
:109DE000C4140020D8140020EC140020F01400202B
:109DF000A015002000150020B8D6000880B586B058
:109E000000AF78607B687B617B68002B0BD14FF0E3
:109E1000500383F31188BFF36F8FBFF34F8FFB6045
:109E200000BF00BFFDE700F0F9F87B691B6A3B61EA
:109E300000F024F93B6918461837BD4680BD000084
:109E400080B485B000AFF860B9607A60FB68043B0D
:109E5000FB60FB684FF080721A60FB68043BFB609C
:109E6000BB6823F00102FB681A60FB68043BFB60DF
:109E7000084AFB681A60FB68143BFB607A68FB6861
:109E80001A60FB68203BFB60FB6818461437BD4630
:109E900080BC7047999E000880B485B000AF002355
:109EA0007B60124B1B68B3F1FF3F0BD04FF05003A8
:109EB00083F31188BFF36F8FBFF34F8FFB6000BF39
:109EC00000BFFDE74FF0500383F31188BFF36F8F9E
:109ED000BFF34F8FBB6000BF00BF7B68002BFCD07F
:109EE00000BF00BF1437BD4680BC7047540000203F
:109EF000074B19680868B0E8F00F80F30988BFF3D2
:109F00006F8F4FF0000080F311884EF00D0E7047F8
:109F1000C40F002000BF00BF06480068006880F33F
:109F2000088862B661B6BFF34F8FBFF36F8F00DF53
:109F300000BF00BF08ED00E080B584B000AF324B39
:109F4000FB60FB681B78DBB27B60FB68FF221A704A
:109F5000FB681B78DBB2FB70FB78DBB203F05003CD
:109F6000DAB22A4B1A702A4B07221A6009E0284BF2
:109F70001B68013B264A1360FB78DBB25B00DBB257
:109F8000FB70FB78DBB203F08003802BEFD0204B1B
:109F90001B68C3F10703042B0BD04FF0500383F36E
:109FA0001188BFF36F8FBFF34F8FBB6000BF00BF3F
:109FB000FDE7174B1B681B02154A1360144B1B6807
:109FC00003F4E063124A13607B68DAB2FB681A702C
:109FD000104B1B680F4A43F4700313600D4B1B6852
:109FE0000C4A43F07043136000F0B8F80A4B0022AB
:109FF0001A60FFF791FFFEF7EBFFFFF74DFF00231D
:10A0000018461037BD4680BD00E400E0F015002082
:10A01000F415002020ED00E05400002080B483B04F
:10A0200000AF4FF0500383F31188BFF36F8FBFF37E
:10A030004F8F7B6000BF0F4B1B6801330D4A1360CD
:10A040000C4B1B68012B10D10B4B1B68DBB2002B98
:10A050000BD04FF0500383F31188BFF36F8FBFF322
:10A060004F8F3B6000BF00BFFDE700BF0C37BD4610
:10A0700080BC70475400002004ED00E080B483B041
:10A0800000AF124B1B68002B0BD14FF0500383F332
:10A090001188BFF36F8FBFF34F8F7B6000BF00BF8E
:10A0A000FDE70A4B1B68013B084A1360074B1B681E
:10A0B000002B05D100233B603B6883F3118800BF70
:10A0C00000BF0C37BD4680BC704700BF5400002065
:10A0D000EFF30980BFF36F8F0D4B1A6820E9F00F83
:10A0E00010602DE908404FF0500080F31188FEF712
:10A0F0006FFF4FF0000080F31188BDE80840196839
:10A100000868B0E8F00F80F30988BFF36F8F7047DD
:10A11000C40F002000BF00BF80B582B000AF4FF079
:10A12000500383F31188BFF36F8FBFF34F8F7B60B2
:10A1300000BFFEF78DFE0346002B03D0064B4FF009
:10A1400080521A6000233B603B6883F3118800BF94
:10A1500000BF0837BD4680BD04ED00E080B400AF0D
:10A160000A4B00221A600A4B00221A60094B1B6836
:10A17000094AA2FB03239B09084A013B1360034BD6
:10A1800007221A6000BFBD4680BC704710E000E0A7
:10A1900018E000E048000020D34D621014E000E019
:10A1A00080B485B000AFEFF30583FB60FB680F2B35
:10A1B00015D9174AFB6813441B78FB72154B1B78A3
:10A1C000FA7A9A420BD24FF0500383F31188BFF30F
:10A1D0006F8FBFF34F8F7B6000BF00BFFDE70E4B5B
:10A1E0001B6803F4E0620D4B1B689A420BD94FF0D9
:10A1F000500383F31188BFF36F8FBFF34F8F3B6022
:10A2000000BF00BFFDE700BF1437BD4680BC7047EC
:10A21000F0E300E0F01500200CED00E0F415002064
:10A2200080B58AB000AF78600023FB61FEF756FD71
:10A230005A4B1B68002B01D100F016F9584B1A68D5
:10A240007B681340002B40F090807B68002B1ED071
:10A2500008227B6813447B607B6803F00703002BB4
:10A2600015D07B6823F0070308337B607B6803F01D
:10A270000703002B0BD04FF0500383F31188BFF37B
:10A280006F8FBFF34F8F7B6100BF00BFFDE77B681F
:10A29000002B6AD0434B1B687A689A4265D8424BC0
:10A2A0003B62414B1B687B6204E07B6A3B627B6ADA
:10A2B0001B687B627B6A5B687A689A4203D97B6A17
:10A2C0001B68002BF1D1354B1B687A6A9A424CD03F
:10A2D0003B6A1B6808221344FB617B6A1A683B6A6D
:10A2E0001A607B6A5A687B68D21A08235B009A421C
:10A2F00020D97A6A7B681344BB61BB6903F007030A
:10A30000002B0BD04FF0500383F31188BFF36F8FF6
:10A31000BFF34F8F3B6100BF00BFFDE77B6A5A6808
:10A320007B68D21ABB695A607B6A7A685A60B869DE
:10A3300000F0FCF81B4B1A687B6A5B68D31A194A59
:10A340001360184B1A68194B1B689A4203D2154BBD
:10A350001B68164A13607B6A5A68114B1B681A43C4
:10A360007B6A5A607B6A00221A60FEF7C5FCFB69B3
:10A3700003F00703002B0BD04FF0500383F3118839
:10A38000BFF36F8FBFF34F8FFB6000BF00BFFDE7D0
:10A39000FB6918462837BD4680BD00BF0046002037
:10A3A0000C46002004460020F84500200846002006
:10A3B00080B586B000AF78607B687B617B68002BDE
:10A3C0004AD008235B427A6913447B617B693B6115
:10A3D0003B695A68224B1B681340002B0BD14FF08E
:10A3E000500383F31188BFF36F8FBFF34F8FFB6070
:10A3F00000BF00BFFDE73B691B68002B0BD04FF08F
:10A40000500383F31188BFF36F8FBFF34F8FBB608F
:10A4100000BF00BFFDE73B695A68114B1B68134042
:10A42000002B19D03B691B68002B15D13B695A687A
:10A430000B4B1B68DB431A403B695A60FEF74EFC2E
:10A440003B695A68074B1B681344064A1360386916
:10A4500000F06CF8FEF750FC00BF1837BD4680BD19
:10A460000C4600200446002080B485B000AF4FF4B5
:10A470004053BB60274BFB60FB6803F00703002BD6
:10A480000CD0FB680733FB60FB6823F00703FB601D
:10A49000BA68FB68D31A1F4A1344BB60FB687B6031
:10A4A0001D4A7B6813601C4B00225A607B68BA68A7
:10A4B0001344FB600822FB689B1AFB60FB6823F0D7
:10A4C0000703FB60FB68154A1360144B1B680022EE
:10A4D0005A60124B1B6800221A607B683B603B6825
:10A4E000FA68D21A3B685A600C4B1A683B681A60CB
:10A4F0003B685B680A4A13603B685B68094A136003
:10A50000094B4FF000421A6000BF1437BD4680BCB3
:10A51000704700BFF8150020F845002000460020D5
:10A5200008460020044600200C46002080B485B078
:10A5300000AF7860274BFB6002E0FB681B68FB60A4
:10A54000FB681B687A689A42F7D8FB68BB60FB68B7
:10A550005B68BA6813447A689A4208D1FB685A6803
:10A560007B685B681A44FB685A60FB687B607B68A9
:10A57000BB607B685B68BA681A44FB681B689A42D8
:10A5800018D1FB681A68144B1B689A420DD07B687F
:10A590005A68FB681B685B681A447B685A60FB68F2
:10A5A0001B681A687B681A6008E00B4B1A687B68A6
:10A5B0001A6003E0FB681A687B681A60FA687B68B7
:10A5C0009A4202D0FB687A681A6000BF1437BD4611
:10A5D00080BC7047F845002000460020022B10B5D3
:10A5E0000AD0920803680C68013A002A40F8044B2C
:10A5F00041F8043BF6DC10BD02440C78037800F807
:10A60000014B01F8013B131A002BF6DCF3E7F8B518
:10A610000F46164604461D469847002831463846E0
:10A620000CDAA847002802DA3C462046F8BD31463D
:10A630002046A8470028F8DA3446F6E7A84700285D
:10A64000F2DC31462046A8470028F5DAEDE72DE98F
:10A65000F04F95B0009340EA02039B07064614466C
:10A6600019D1B2F1040818BF4FF00108002301937B
:10A6700004FB01F7062906EB070306EB040B029324
:10A6800028D8029B9B4510D3019B002B40F01881DA
:10A6900015B0BDE8F08F4FF00208E7E743462246C9
:10A6A00039462846FFF79AFF0FE05D460EE02F1B64
:10A6B00029463846009B9847002809DDB8F1000F6D
:10A6C000ECD12B683A682A603B603D46AE42EED33F
:10A6D000A344D6E74FEA51093F1B072904FB096948
:10A6E000374421D0282944D9CD086543009B06EB87
:10A6F000450271193046FFF78AFF494609EB05020A
:10A70000009B8246481BFFF782FF3A468146009B2A
:10A71000791BA7EB4500FFF77AFF024649465046F2
:10A72000009BFFF774FF8146B8F1000F24D1336816
:10A73000D9F800203260C9F80030D946BA465D46E3
:10A740000023B94557D803933146009B48469847A4
:10A750000028039B2CDC0AD1B8F1000F13D12B6821
:10A76000D9F800202A60C9F8003025440123A1440B
:10A77000E7E73A46B246D1E74346224649463046E5
:10A78000FFF72CFFD9E74346224649462846FFF704
:10A7900025FFEAE70BD1B8F1000F1ED13B68DAF8CC
:10A7A00000203A60CAF800300123AAEB040A3F1BDC
:10A7B000B94520D803933146009B38469847002876
:10A7C000039BE7DAB8F1000F0ED1D9F800303A68F0
:10A7D000C9F800203B603F1BC8E74346224651466C
:10A7E0003846FFF7FBFEDFE7434622463946484638
:10A7F000FFF7F4FEEFE7FBB9029B9B45BFF444AFC4
:10A800005D4615E04346224639462846FFF7E6FEF8
:10A810000DE02F1B29463846009B9847002809DD8C
:10A82000B8F1000FEED12B683A682A603B603D46D4
:10A83000AE42EED3A344DFE7A9EB050BAA1B5A45B2
:10A84000A8BF5A462AB143463046A9EB0201FFF79A
:10A85000C5FE029BAAEB0705A3EB0A02121BAA4244
:10A8600028BF2A462AB1029943464846891AFFF76B
:10A87000B5FE029B5D455F46A3EB050004D9334658
:10A880002F4606465D461846A54223D9019BB5FBD7
:10A89000F4F1072B0ED8B7FBF4F7019A14AB03EBD6
:10A8A000C20343F8406C43F83C7C134601330193E8
:10A8B0000646DDE62246009BFFF7C9FEA7420CD8FC
:10A8C000019B013B0193019A14AB03EBC20353E9D3
:10A8D0001001EDE7A7427FF6D7AEB7FBF4F13046A3
:10A8E000E6E7002B2DE9F0471D46BBBF03F100430F
:10A8F0001D4600232D2388B01446B8BF1446129A73
:10A90000109E1370149BDDF84CA023F02008B8F1C2
:10A91000460F05D0B8F1450F00D10136022300E003
:10A92000032307AA049206AACDE902A2CDE90036C4
:10A9300022462B4600F0E8FEB8F1470F074619D132
:10A94000119BDB070ED500EB0609002200232046F1
:10A950002946F6F799F808B1CDF81C903022079BEC
:10A960004B451ED33846079B159ADB1B136008B076
:10A97000BDE8F087B8F1460F00EB0609E5D1037892
:10A98000302B0AD10022002320462946F6F77CF816
:10A9900018B9C6F10106CAF80060DAF80030994427
:10A9A000D3E7591C07911A70D9E7F7B50029B6BF4C
:10A9B0002D232B23494209290270437029DD0DF113
:10A9C00007031D460A27B1FBF7F61A4607FB1614C4
:10A9D000303402F8014C0C46632C314603F1FF334E
:10A9E000F1DC3031941E03F8011C2346411CAB42BC
:10A9F0000AD30DF109039B1AAC4288BF002302332E
:10AA00000344181A03B0F0BD13F8016B01F8016F8D
:10AA1000EDE7302330318370C170031DF1E7000092
:10AA20002DE9F04F91B00C46DDF8688016461F46C0
:10AA3000054600F0F5FC036818460893F5F7F8FBA7
:10AA400000230E93D8F800300990073323F0070352
:10AA500003F1080294F818A0D4F800B0C8F8002058
:10AA6000D3E9008929F000430B93CDF828804FF0FB
:10AA7000FF32DDE90A01C4E912899C4BF6F736F88A
:10AA800070BBDDE90A014FF0FF32984BF6F710F882
:10AA900030BB0022002340464946F5F7FFFF10B1C6
:10AAA0002D2384F84330924A924BBAF1470F94BF5A
:10AAB0009046984603234FF0000923612BF00403CE
:10AAC000236033462146284600970FAA00F0D4F9A8
:10AAD000013040F090804FF0FF3011B0BDE8F08FB2
:10AAE00042464B4640464946F6F700F848B14B46C9
:10AAF000002BB8BF2D23804AB8BF84F843307F4B6A
:10AB0000D3E763680AF0DF015A1C3FD10623636074
:10AB100000224BF48063236006920EAACDE904A2C2
:10AB20000DAA03920DF13302CDE90132636842466A
:10AB3000009328464B460A91FFF7D3FE0A998046B8
:10AB400047290D9928D1C81C02DB6368994240DD72
:10AB5000AAF1020A5FFA8AFA5246013904F150005A
:10AB60000D91FFF722FF0E9A81461318012A2361E7
:10AB700002DC2268D20701D5013323619DF833300E
:10AB8000002B9ED02D2384F843309AE74729BFD16C
:10AB9000002BBDD10123BAE7BAF1650FDCD9BAF1B8
:10ABA000660F18D1002963680BDD216113B9226893
:10ABB000D00702D501330B4423614FF00009A16592
:10ABC000DCE713B92268D20701D50233F4E7012389
:10ABD000F2E74FF0670A0E9B994205DB236821617B
:10ABE000D807EAD54B1CE7E70029CCBF0122C1F109
:10ABF00002021344E0E723685A0507D4236942465A
:10AC000031462846B84701302BD164E7BAF1650FC9
:10AC100040F2DC80D4E9120100220023F5F734FF72
:10AC2000002833D0012331462846354AB847013041
:10AC30003FF451AFDDE90D38434502DB2368D80707
:10AC40000FD5DDE9082331462846B84701303FF4E7
:10AC500042AF4FF0000908F1FF3804F11A0AC84565
:10AC600009DC23689B0700F10281E0680F9B984292
:10AC7000B8BF184631E70123524631462846B84747
:10AC800001303FF428AF09F10109E8E70D9B002BE3
:10AC900038DC012331462846194AB84701303FF4D1
:10ACA0001AAFDDE90D3959EA030302D12368D90748
:10ACB000D7D5DDE9082331462846B84701303FF4AF
:10ACC0000AAF4FF0000A04F11A0B0D9B5B4253458B
:10ACD00001DC4B4693E701235A4631462846B847E4
:10ACE00001303FF4F8AE0AF1010AEEE7FFFFEF7F13
:10ACF0006AD700086ED7000872D7000876D7000818
:10AD00007AD70008A36DDDF838A05345A8BF534695
:10AD1000002B994636DC4FF0000B29EAE97904F163
:10AD20001A02A36D0A93A3EB09035B4531DC0D9B6B
:10AD30009A453ADC2368DA0737D40D9BAAEB03095E
:10AD40000A9BAAEB03039945A8BF9946B9F1000FE6
:10AD500033DC4FF0000829EAE97904F11A0B0D9B66
:10AD6000AAEB0303A3EB090343457FF77AAF012363
:10AD70005A4631462846B84701303FF4ACAE08F198
:10AD80000108ECE7424631462846B8470130C2D1B7
:10AD9000A1E60123314628460A92B84701303FF424
:10ADA0009AAE0A9A0BF1010BBBE73146DDE90823A5
:10ADB0002846B8470130C0D18DE60A9A4B46314645
:10ADC00028464244B8470130C3D184E6DDF838A0B4
:10ADD000BAF1010F01DCDB0736D5012342463146CB
:10ADE0002846B84701303FF476AEDDE90823314606
:10ADF0002846B84701303FF46EAED4E91201002274
:10AE000000230AF1FF3AF5F73FFEC0B9534608F1B7
:10AE1000010231462846B84701300CD15BE60123D8
:10AE20005A4631462846B84701303FF454AE08F13F
:10AE30000108D045F3DB4B4604F15002E0E64FF049
:10AE4000000804F11A0BF4E701234246E1E701236D
:10AE50004A4631462846B84701303FF43CAE08F137
:10AE60000108E3680F995B1A4345F0DCFDE64FF0FB
:10AE7000000804F11909F4E72DE9F0471646984651
:10AE80008A680B6907469342B8BF1346336091F84E
:10AE900043200C46DDF820900AB10133336023686B
:10AEA000990642BF336802333360256815F0060502
:10AEB00006D104F1190AE36832689B1AAB422BDC15
:10AEC00094F843302268003B18BF0123920630D427
:10AED0004146384604F14302C847013023D0236875
:10AEE000226903F00603042B14BF002533684FF0DA
:10AEF000000608BFE56804F11A0408BFED1A54F80B
:10AF0000123C08BF25EAE5759342C4BF9B1AED18B1
:10AF1000B5421AD1002008E0012352464146384686
:10AF2000C847013003D14FF0FF30BDE8F08701354D
:10AF3000C1E73020E11881F843005A1C94F845100D
:10AF40002244023382F84310C2E7012322464146DD
:10AF50003846C8470130E6D00136D9E72DE9FF472A
:10AF60000F7E9146782F80460C469A460C9E01F142
:10AF7000430207D8622F0AD8002F00F0D380582F41
:10AF800000F0BA8004F1420684F842703AE0A7F17A
:10AF90006303152BF6D801A151F823F0F5AF000893
:10AFA00009B0000885AF000885AF000885AF00082C
:10AFB00085AF000809B0000885AF000885AF00081C
:10AFC00085AF000885AF00080BB1000833B000085A
:10AFD000C5B0000885AF000885AF00082DB1000896
:10AFE00085AF000833B0000885AF000885AF0008C2
:10AFF000CDB0000833681A1D1B68326004F14206A8
:10B0000084F8423001239EE033682068191D3160C6
:10B01000060601D51D6803E04506FBD5B3F90050CF
:10B02000002D03DA2D236D4284F843300A2359485A
:10B0300011E021683368080653F8045B02D449061E
:10B0400048BFADB26F2F336014BF0A2308235148A5
:10B05000002184F843106668002EA8BF2168A6600E
:10B06000A4BF21F0040121600DB9002E4BD016467B
:10B07000B5FBF3F103FB1157C75D06F8017D2F46C1
:10B08000BB420D46F4D9082B0BD12368DF0708D546
:10B09000236961689942DEBF302306F8013C06F15E
:10B0A000FF36921B22614B4621464046CDF800A058
:10B0B00003AAFFF7E1FE01304AD14FF0FF3004B0A0
:10B0C000BDE8F087236843F02003236078273248E7
:10B0D00084F84570236831681F0651F8045B02D478
:10B0E0005F0648BFADB23160D90744BF43F02003CB
:10B0F00023601DB11023ABE72648E9E7236823F05E
:10B1000020032360F6E71646BDE733682568181D5F
:10B11000616930602E061B6801D5196002E068067F
:10B12000FBD51980002316462361BCE73368002154
:10B130001A1D32601E686268304600F03EFA08B19F
:10B14000801B606063682361002384F84330AAE7B2
:10B150003246494640462369D0470130ADD0236886
:10B160009B0713D4E068039B9842B8BF1846A6E734
:10B170000123324649464046D04701309DD0013533
:10B18000E36803995B1AAB42F2DCEBE7002504F1BC
:10B190001906F5E77CD700088DD70008002310B505
:10B1A0000446C0E90033C0E904338360818143660B
:10B1B000C2818361194608225C3000F028F90D4BEA
:10B1C000246263620C4BA3620C4BE3620C4B23635F
:10B1D0000C4B9C4206D003F16802944202D0D0335B
:10B1E0009C4205D104F15800BDE8104000F0E2B9DE
:10B1F00010BD00BF89B30008ABB30008E3B300087B
:10B2000007B4000810460020024A0349034800F032
:10B2100069B800BF5800002045CF00086800002032
:10B2200041680C4B10B59942044601D001F08AFEEA
:10B23000A168094B994202D0204601F083FEE168E3
:10B24000064B994204D02046BDE8104001F07ABE7A
:10B2500010BD00BF1046002078460020E0460020C8
:10B2600010B50B4B0B4C0C4A20461A6004210022EF
:10B27000FFF794FF04F1680001220921FFF78EFF18
:10B2800004F1D0000222BDE810401221FFF786BF72
:10B29000484700201046002009B20008014800F08D
:10B2A0008AB900BF51470020014800F085B900BFAE
:10B2B0005147002010B50446FFF7F0FF236A1BB189
:10B2C000BDE81040FFF7F0BF044B2362044B1B683E
:10B2D000002BF5D1FFF7C4FFF2E700BF21B2000851
:10B2E000484700202DE9F8430746884614460026C3
:10B2F000D4E90195B9F1010905D52468002CF7D1ED
:10B300003046BDE8F883AB89012B07D9B5F90E307B
:10B31000013303D029463846C04706436835E9E77C
:10B320000CB430B5174B0C1E1D689DB008DA8B238A
:10B330004FF0FF302B601DB0BDE8304002B07047C9
:10B340004FF40273ADF814300CBF234604F1FF3301
:10B35000049307934FF6FF7302900690ADF81630F2
:10B36000284621AB209A02A9019301F06FFC431CEF
:10B37000BCBF8B232B60002CDDD00022029B1A70F7
:10B38000D9E700BF6400002010B50C46B1F90E10DB
:10B3900000F0C2F80028ABBF636DA3891B1823F42B
:10B3A0008053ACBF6365A38110BD2DE9F0411F46FA
:10B3B0008B890546DB050C46164605D5022300227F
:10B3C000B1F90E1000F096F8A389324623F48053A9
:10B3D000A38128463B46B4F90E10BDE8F04100F0C9
:10B3E000ADB810B50C46B1F90E1000F083F8431C4F
:10B3F000A38915BF606523F4805343F48053A38170
:10B4000018BFA38110BDB1F90E1000F00DB80346AE
:10B410000244934200D1704703F8011BF9E7000092
:10B4200000487047A401002038B50023054D0446AC
:10B4300008462B60F7F71BFC431C02D12B6803B1B5
:10B44000236038BD4C470020294B70B51B6804466B
:10B4500083424BD0C369ABB1DB686BB10025E369B4
:10B46000DB68595900293BD10435802DF7D1E369B8
:10B470002046D96800F010FFE369196811B1204631
:10B4800000F00AFF616911B1204600F005FFE16993
:10B4900011B1204600F000FF216B11B1204600F0F1
:10B4A000FBFE616B11B1204600F0F6FEA16B11B1FD
:10B4B000204600F0F1FEA16C11B1204600F0ECFE38
:10B4C000616C11B1204600F0E7FEE16A11B120463F
:10B4D00000F0E2FE236A4BB12046BDE870401847F9
:10B4E0000E68204600F0D8FE3146BBE770BD00BFB5
:10B4F0006400002038B50446084611460022054D78
:10B500002A601A46F7F7D7FB431C02D12B6803B118
:10B51000236038BD4C47002038B504460846114624
:10B520000022054D2A601A46F7F768FB431C02D13A
:10B530002B6803B1236038BD4C47002038B5044662
:10B54000084611460022054D2A601A46F7F773FB9C
:10B55000431C02D12B6803B1236038BD4C47002047
:10B56000014B1868704700BF6400002070B50026CA
:10B570000C4D0D4C641BA410A64209D102F070F8CA
:10B5800000260A4D0A4C641BA410A64205D170BDCA
:10B5900055F8043B98470136EEE755F8043B9847C9
:10B5A0000136F2E7E0DA0008E0DA0008E0DA000845
:10B5B000E4DA0008704770477047034610B5C9B217
:10B5C00002449342184601D1002003E0047801337D
:10B5D0008C42F6D110BD0A44914200F1FF3300D1F4
:10B5E000704710B511F8014B914203F8014FF9D1A2
:10B5F00010BD2DE9F74F03690C690746A3427EDBB6
:10B60000013CA30000F1140501F11408009305EBBF
:10B610008403019358F8243055F8242001339A42CA
:10B62000B2FBF3F608EB84092ED34FF0000AC446B0
:10B63000AE46D3465CF8043B98B206FB00A01B0C58
:10B64000020C06FB0323DEF8002080B292B2121A2D
:10B650005A44DEF800004FEA134A9BB2C3EB224380
:10B6600003EB104392B242EA0342E1454FEA234B17
:10B670004EF8042BDED2009BEB582BB9019B043B08
:10B680009D421A462FD33C61384601F07BF90028D1
:10B6900025DB2946002058F8042BD1F800C01FFAFA
:10B6A00082FE1FFA8CF3A3EB0E030344120CC2EBD1
:10B6B000234202EB1C429BB243EA0243C1454FEADC
:10B6C000224041F8043BE6D255F8242005EB8403E0
:10B6D00022B9043B9D421A460BD33C6101363046E9
:10B6E00003B0BDE8F08F1268043B002ACBD1013CC7
:10B6F000C6E71268043B002AEFD1013CEAE70020CC
:10B70000EEE70000000000002DE9F04F14461D4652
:10B71000C76997B08346CDE90245239E7FB91020C3
:10B7200000F002FE0246CBF81C0020B9EF21A84B26
:10B73000A84801F059FCC0E901770760C760DBF851
:10B740001C30196859B15A68012393404A608B60D4
:10B75000584600F0DFFE0022DBF81C301A602B1E7A
:10B76000AFBF0023012223F000430393A8BF33603F
:10B77000DDF80C80984BB8BF326033EA080312D171
:10B7800042F20F73229A1360C8F31303234300F0AD
:10B790005085249BDFF844A2002B00F052850AF16B
:10B7A000030300F04CBDDDE90223CDE90C23DDE904
:10B7B0000C0100220023F5F767F9074658B1012371
:10B7C000229A1360249B13B1854B249A1360DFF8EF
:10B7D00014A200F036BD14AB019315AB009358468C
:10B7E000DDE90C2301F07EF9C8F30A568146002EEC
:10B7F00077D0DDE90C010D9BA6F2FF36C3F31303EE
:10B8000043F07F5343F44013129719460022764BBE
:10B81000F4F71AFD68A3D3E90023F4F7CDFE68A37B
:10B82000D3E90023F4F712FD044630460D46F4F741
:10B8300059FE65A3D3E90023F4F7BEFE02460B468A
:10B8400020462946F4F702FD04460D46F5F764F953
:10B8500000220746002320462946F5F71FF940B18C
:10B860003846F4F73FFE22462B46F5F70DF900B9AE
:10B87000013F162F53D8DDE90C015C4B03EBC703E6
:10B88000D3E90023F5F70AF900284AD00023013F45
:10B890000F93149B9B1B5A1E46BFC3F10108002344
:10B8A0004FF00008099248BF0993002F3BDB099B2A
:10B8B0000E973B44099300230A93209B092B66D8DB
:10B8C000052BC4BF043B2093209BC8BF0024A3F1D9
:10B8D0000203D8BF0124032B64D8DFE803F02B3820
:10B8E0003656DDE914631E4406F23243202BC1BFF5
:10B8F000C3F1400308FA03F806F2124324FA03F3F3
:10B90000D6BFC3F1200348EA030004FA03F0F4F7BA
:10B91000D9FD0122A1F1F873013E129275E70123CE
:10B92000B6E70F90B5E77B420A930023A8EB070820
:10B930000E93C2E700230B93219B002B35DC0123E0
:10B940001A46CDE9073321920BE00123F3E70023E8
:10B950000B93219BFB1808930133012B0793B8BF6E
:10B96000012300210422DBF81C0002F114059D4292
:10B970001FD94160584600F08DFD8246002839D11C
:10B98000024640F2AF111A4BD2E60123E0E7012450
:10B9900000230B9420934FF0FF330022CDE90733AF
:10B9A0001223D0E701230B93F5E7219BCDE9073361
:10B9B000D7E701315200D8E761436F63A787D23FD1
:10B9C000B3C8608B288AC63FFB799F501344D33F8E
:10B9D000ABD70008C2D700080000F07FA7D7000847
:10B9E0007BD700087AD700080000F83FB8D80008D5
:10B9F0001AD80008DBF81C301860079B0E2B00F2E9
:10BA0000A480002C00F0A180002F33DD864B07F0CE
:10BA10000F0203EBC203F805D3E90034CDE9043487
:10BA20004FEA271416D5DDE90C01804B0326D3E934
:10BA30000823F4F7EBFECDE9020104F00F047B4D7F
:10BA400054B9DDE90423DDE90201F4F7DFFECDE9B5
:10BA5000020128E00226F2E7E10708D5DDE904014A
:10BA6000D5E90023F4F7A8FDCDE9040101366410FF
:10BA70000835E5E700F0D280DDE90C017C426A4B35
:10BA800004F00F0203EBC203D3E90023F4F794FDA3
:10BA900002260023CDE90201644D2411002C40F060
:10BAA000B280002BD3D1DDE902450F9B002B00F0C3
:10BAB000B7800022204629465D4BF4F7EFFF0028AF
:10BAC00000F0AE80079B002B00F0AA80089B002BA3
:10BAD00037DD7B1E2046049300222946554BF4F7A0
:10BAE0006BFDCDE90201089C01363046F4F7FAFC03
:10BAF000DDE90223F4F760FD00224F4BF4F7A6FBCB
:10BB00000546A1F15076002C40F09A80DDE9020153
:10BB100000224A4BF4F798FB02460B46CDE902237C
:10BB20002A463346F4F7D8FF002840F08E82DDE93C
:10BB300002012A4606F10043F4F7B0FF002840F066
:10BB40002781DDE90C34CDE90234159B002BC0F2CE
:10BB500063810E2F00F36081334B03EBC703D3E9FE
:10BB60000034CDE90434219B002B03DA079B002B22
:10BB700040F30081DDE902455646DDE90423204615
:10BB80002946F4F743FEF4F7C7FF8046F4F7AAFC12
:10BB9000DDE90423F4F710FD02460B462046294652
:10BBA000F4F752FB08F13004079D06F8014BA6EBB1
:10BBB0000A04A54202460B4640F01681F4F746FB04
:10BBC000DDE9042304460D46F4F786FF002840F023
:10BBD000F880DDE9042320462946F4F755FF18B123
:10BBE00018F0010F40F0ED804946584600F092FCF5
:10BBF00000233370229B01371F60249B002B00F031
:10BC000020831E601DE3E20705D5D5E90023F4F784
:10BC1000D3FC01230136641008353FE7022642E7D2
:10BC2000079C049761E700BFB8D8000890D80008C7
:10BC30000000F03F0000244000001C4000001440C1
:10BC4000704B0B9903EBC40353E9022354440029BE
:10BC500045D000206C49F4F7D9FD33462A46F4F765
:10BC6000F3FA5646CDE91001DDE90201F4F754FF7D
:10BC70000546F4F737FC02460B46DDE90201F4F70E
:10BC8000E3FA02460B463035CDE90223DDE9102305
:10BC900006F8015BF4F702FF002863D1DDE9022317
:10BCA00000205A49F4F7D0FADDE91023F4F7F6FE44
:10BCB000002840F08780A6423FF443AFDDE9100141
:10BCC0000022534BF4F778FC0022CDE91001DDE9A6
:10BCD00002014F4BF4F770FCCDE90201C4E7314695
:10BCE0002846F4F769FC5646CDE910011394DDE9C6
:10BCF0000201F4F711FF0546F4F7F4FB02460B4688
:10BD0000DDE90201F4F7A0FA02460B46303506F8E9
:10BD1000015BA642CDE902234FF0000224D1DDE908
:10BD20001001394BF4F792FA02460B46DDE90201A5
:10BD3000F4F7D2FE002845D1DDE910230020324976
:10BD4000F4F782FA02460B46DDE90201F4F7A6FE9B
:10BD500000283FF4F6AE139E731E139316F8013CB1
:10BD6000302BF8D0049F3FE7294BF4F725FCCDE9B1
:10BD70000201BCE70CD1DDE904010022254BF4F7F8
:10BD80001BFCDDE90223F4F79DFE002800F05B8137
:10BD900000242546219B5646DB4304930027214679
:10BDA000584600F0B7FB002DDCD02FB1AF4203D0D6
:10BDB0003946584600F0AEFB2946584600F0AAFB2B
:10BDC000D0E7049733461E4613F8012D392A07D1D0
:10BDD0009A45F8D1049A0132049230228AF8002060
:10BDE0001A7801321A70BDE70022094BF4F7E4FB20
:10BDF0000022002304460D46F4F746FE00283FF4D7
:10BE0000BCAEF1E6B8D800080000E03F0000F03F0B
:10BE100000002440000014400B9A002A00F0DB8050
:10BE2000209A012A00F3BF80129A002A00F0B780FE
:10BE300003F2334346460A9C099A01211A445846A4
:10BE40009844099200F01AFC05465EB1099B002B4C
:10BE500008DDB342A8BF3346099AA8EB0308F61AD7
:10BE6000D31A09930A9BF3B10B9B002B00F0B78008
:10BE70008CB129462246584600F0BEFC4A4601468F
:10BE80000546584600F010FC49460490584600F01C
:10BE900041FB049B99460A9B1A1B04D0494658460D
:10BEA00000F0AAFC81460121584600F0E7FB0E9BFA
:10BEB0000446002B00F0C9811A460146584600F09E
:10BEC0009BFC209B0446012B00F38F80029B002BE0
:10BED00040F08780039BC3F31303002B40F0838063
:10BEE000039B23F000431B0D1B052BB1099B08F19D
:10BEF00001080133099301230A930E9B002B00F0E4
:10BF0000AA81236904EB8303186900F06BFBC0F17D
:10BF10002000099B184410F01F0071D0C0F12003CD
:10BF2000042B65DD099BC0F11C00034480440644DA
:10BF30000993B8F1000F05DD49464246584600F026
:10BF4000B5FC8146099B002B05DD21461A46584663
:10BF500000F0ACFC04460F9B002B53D02146484612
:10BF600000F010FD00284DDA7B1E494604930A229A
:10BF70000023584600F0F0FA0B9B8146002B00F09E
:10BF80006C81002329460A22584600F0E5FA089BF6
:10BF90000546002B61DC209B022B3BDC5DE0149B03
:10BFA000C3F1360346E7079B5C1E0A9BA342BFBF53
:10BFB0000A9B0E9AE31AD218A8BF1C1B079BBEBF90
:10BFC0000A940E920024002BB5BFA8EB0306464648
:10BFD0000023079B30E746460A9C0B9D35E70A9AEB
:10BFE0005CE7002388E7029B86E700230A9388E743
:10BFF0009FD0099A1C331A4498441E44099298E72A
:10C000000346F6E7079B0497002B20DC0893209B50
:10C01000022B1EDD089B002B7FF4BCAE21460522BF
:10C02000584600F099FA01460446484600F0AAFC3A
:10C0300000287FF7AFAE3123564606F8013B049B3C
:10C0400001330493AAE6079C04972546F3E7079B70
:10C0500008930B9B002B00F00481002E05DD294680
:10C060003246584600F022FC05460A9B002B5AD067
:10C070005846696800F00EFA064628B9024640F2B2
:10C08000EF21834BFFF754BB2A6905F10C01023203
:10C0900092000C30FFF79FFA01223146584600F01B
:10C0A00005FC2F4605460AF101030793089B5344FC
:10C0B0000B93029B03F001030A93079B2146013B6C
:10C0C00048460293FFF795FA3946089000F1300888
:10C0D000484600F057FC2A4609902146584600F091
:10C0E0006DFCC268064602BB0146484600F04AFCA9
:10C0F0000246314658460C9200F00CFA209B0C9AEE
:10C10000079E43EA02010A9B194310D1B8F1390F87
:10C1100029D0099B002B02DD089B03F13108029B0B
:10C1200083F800803BE62846BBE70122E1E7099B54
:10C13000002B04DB20990B430A990B4320D1002AE2
:10C14000EDDD49460122584600F0B0FB214681460C
:10C1500000F018FC002803DCE1D118F0010FDED05C
:10C16000B8F1390FD8D13923029A137033461E46DD
:10C1700016F8012C013B392A52D001321A700EE612
:10C18000002A07DDB8F1390FEDD0029A08F101035A
:10C19000137004E6079B079A03F8018C0B9B9342EC
:10C1A00028D0494600230A22584600F0D5F9AF426C
:10C1B00081464FF000034FF00A023946584607D136
:10C1C00000F0CAF907460546079B0133079374E759
:10C1D00000F0C2F92946074600230A22584600F01B
:10C1E000BBF90546F0E7089B0027002BCCBF1E4695
:10C1F0000126564449460122584600F057FB214685
:10C20000814600F0BFFB0028B0DC02D118F0010F1E
:10C21000ACD133461E4613F8012D302AFAD0BEE5C4
:10C220009A45A4D1049B0133049331238AF800304A
:10C23000B5E5249BDFF85CA01BB10AF10803249A42
:10C240001360504617B0BDE8F08F209B012B7FF79D
:10C250003DAE0E9B0A9301205BE6089B002B7FF707
:10C26000D6AE564621464846FFF7C3F900F13008DE
:10C27000089B06F8018BA6EB0A029342B3DD494600
:10C2800000230A22584600F067F98146EAE700BF1A
:10C290001AD800089ED7000838B50546002940D0B6
:10C2A00051F8043C0C1F002BB8BFE41800F0E6F86E
:10C2B0001C4A136833B9636014602846BDE83840EF
:10C2C00000F0E2B8A34208D9206821188B4201BFD0
:10C2D00019685B6809182160EDE71A465B680BB1C5
:10C2E000A342FAD911685018A0420BD1206801442A
:10C2F000501883421160E0D118685B6808441060F0
:10C300005360DAE702D90C232B60D6E720682118A6
:10C310008B4201BF19685B68091821606360546033
:10C32000CBE738BD58470020024B0146186800F0A3
:10C3300025B800BF6400002070B50F4E0C46316870
:10C34000054611B900F040FE30602146284600F055
:10C350003BFE431C03D14FF0FF34204670BDC41C8C
:10C3600024F00304A042F8D0211A284600F02CFE45
:10C370000130F2D1EFE700BF544700202DE9F84328
:10C38000CD1C25F0030508350C2D38BF0C25002DDC
:10C39000064601DBA94204D90C2333600020BDE826
:10C3A000F883DFF8D48000F069F8D8F800301C4634
:10C3B00044BB29463046FFF7BFFF431C044658D113
:10C3C000D8F800402746002F43D1002C4BD02368DB
:10C3D0003946304604EB030900F0F6FD814542D1B1
:10C3E000216830466D1A2946FFF7A6FF01303AD082
:10C3F00023682B442360D8F800305A6862BBC8F821
:10C4000000700FE02268521B20D40B2A17D9611943
:10C41000A342256018BF5960636808BFC8F80010C0
:10C4200062514B60304600F02FF804F10B00231DE1
:10C4300020F00700C21A1CBF1B1AA350AFE76268A6
:10C44000A3420CBFC8F800205A60EBE7234664689B
:10C45000AEE73C467F68B6E71A465B68A342FBD16D
:10C4600000235360DEE70C233046336000F00CF805
:10C4700094E70560D6E700BF584700200148FFF762
:10C480009AB800BF504700200148FFF795B800BF99
:10C490005047002070B5C66904460D4676B9102095
:10C4A000FFF742FF0246E06120B96B21174B1848A5
:10C4B00000F09AFDC0E901660660C660E669F368AF
:10C4C00083B1E369DB6853F82500B8B9012101FAAB
:10C4D00005F6721D2046920000F0A4FD60B1C0E98F
:10C4E00001560EE021220421204600F09BFDE36965
:10C4F000F060DB68002BE4D1002070BD026843F8D7
:10C5000025200023C0E90333F7E700BFABD70008BD
:10C510002BD8000870B5C66905460C4676B91020C0
:10C52000FFF702FF0246E86120B98F21084B094856
:10C5300000F05AFDC0E901660660C6603CB1EB69D7
:10C540006268DB6853F82210216043F8224070BD16
:10C55000ABD700082BD800082DE9F04107460C4660
:10C560001E4600200D6901F1140CDCF8003001308A
:10C5700099B202FB01611E0C0B0C02FB063389B25F
:10C5800001EB034185424FEA13464CF8041BECDCF7
:10C590000EB3A368AB4219DC616838460131FFF77E
:10C5A00079FF804628B90246BA210C4B0C4800F0AE
:10C5B0001BFD226904F10C01023292000C30FFF7DE
:10C5C0000AF821463846FFF7A5FF444604EB8503E9
:10C5D00001355E6125612046BDE8F0811AD800086A
:10C5E0002BD800080346B0F5803F3ABF0304102063
:10C5F0000020B3F1807F3CBF1B020830B3F1805FA5
:10C600003CBF1B010430B3F1804F3CBF9B000230A4
:10C61000002B05DB13F0804F00F1010008BF202044
:10C6200070470368024613F007000BD0D90721D4E6
:10C63000980749BF5B089B08012013605CBF02207C
:10C640001360704799B209B910201B0CD9B209B90F
:10C6500008301B0A190704BF1B090430990704BFDF
:10C660009B080230D90703D45B0800F1010003D016
:10C6700013607047002070472020704710B50C46AB
:10C680000121FFF707FF024628B940F24511044B8C
:10C69000044800F0A9FC01234461036110BD00BF00
:10C6A0001AD800082BD800082DE9F04F14460A6963
:10C6B00023690F469A42A2BF23460C461F46D4F870
:10C6C00010A0D7F81090A36861680AEB0906B3427E
:10C6D00085B0B8BF0131FFF7DDFE30B902464FF437
:10C6E000B171434B434800F07FFC00F114052B4629
:10C6F000002205EB8608434521D307F1140104F11C
:10C70000140202EB8A0201EB89030293131B153B0F
:10C7100023F00303043304F11507BA4238BF04239E
:10C720000193029B03918B420CD8002E03DD58F835
:10C73000043D002B5AD0066105B0BDE8F08F43F8E8
:10C74000042BD8E7B1F800A0BAF1000F23D0A94616
:10C750004FF0000C04F1140E5EF8047BD9F80030A1
:10C760001FFA87FB9BB20AFB0B336344D9F800C066
:10C770003F0C4FEA1C4C0AFB07C707EB13479BB261
:10C7800043EA074372454FEA174C49F8043BE3D8A4
:10C79000019B45F803C0039B0431B3F80290B9F143
:10C7A000000F21D0AE464FF0000A2B6804F1140CA4
:10C7B000BCF800B0BEF802709BB209FB0B7757447F
:10C7C00043EA07434EF8043B5CF8043B4FEA134A44
:10C7D000BEF80030624509FB0A3303EB17434FEA0A
:10C7E000134AE5D8019FEB5104359AE7013E9CE7D7
:10C7F0001AD800082BD800082DE9F843154612F086
:10C80000030207460E4607D0254C013A002354F890
:10C810002220FFF7A1FE0646AD103DD0FC697CB991
:10C820001020FFF781FD0246F86128B940F2B311EC
:10C830001C4B1D4800F0D8FBC0E901440460C460F3
:10C84000D7F81C80D8F808404CB940F2712138461E
:10C85000FFF714FF00230446C8F8080003604FF0F8
:10C860000009EB070AD5314622463846FFF71CFF80
:10C87000804631463846FFF74DFE46466D100BD0D8
:10C88000206838B9224621463846FFF70DFF206060
:10C89000C0F800900446E4E73046BDE8F88300BFE6
:10C8A00084D80008ABD700082BD800082DE9F04742
:10C8B0000C46074691462369496803EB6218A36852
:10C8C0004FEA621A08F10106B3420BDB3846FFF764
:10C8D000E1FD054648B902464FF4EF71274B284861
:10C8E00000F082FB01315B00EEE7002300F1140150
:10C8F00000F110021846534533DB20692AEAEA7A30
:10C9000004F1140319F01F0901EB8A0103EB800CF9
:10C910002BD08A460022C9F1200E186800FA09F0CF
:10C9200010434AF8040B53F8042B9C4522FA0EF2EC
:10C93000F3D8ACEB0403153B23F00303043304F1F9
:10C940001500844538BF0423CA500AB108F1020615
:10C95000013E384621462E61FFF7DCFD2846BDE842
:10C96000F08742F8040F0133C5E7043953F8042B6C
:10C970009C4541F8042FF9D8EAE700BF1AD800080F
:10C980002BD8000803460A69006930B5801A0ED119
:10C990001433143103EB820401EB820154F8045D7B
:10C9A00051F8042D954203D005D24FF0FF3030BD31
:10C9B000A342F3D3FBE70120F9E700002DE9F74F8D
:10C9C00089460646114648461446FFF7DBFF051E1A
:10C9D00012D129463046FFF75DFD024628B940F2E4
:10C9E00037213E4B3E4800F0FFFA0123C0E90435F1
:10C9F000104603B0BDE8F08FBCBF4B46A1463046A1
:10CA0000D9F80410BABF1C4601250025FFF742FDE6
:10CA1000024618B940F24521304BE3E700F1140B10
:10CA2000D9F8107009F11003C5604FF0000C09F13E
:10CA30001405D946266904F1140E05EB87080EEBA0
:10CA400086060193019B5EF8040B53F804AF81B294
:10CA500001931FFA8AF35B1A000C6344C0EB1A407F
:10CA600000EB23409BB243EA004376454FEA204C5B
:10CA700049F8043BE6D8331B153B23F00303153478
:10CA80000433A64238BF04231D445B441E462C4693
:10CA900044450ED308F10301491B21F00301033D76
:10CAA000A84538BF00210B4453F8041D99B1176104
:10CAB0009EE7E64654F8041B1FFA81FCF444080C78
:10CAC000714400EB2C4089B241EA00414FEA204C0E
:10CAD00046F8041BDCE7013FE6E700BF1AD8000870
:10CAE0002BD800082DE97343012190469946089EF2
:10CAF000FFF7D0FC044630B9024640F20F31234B19
:10CB0000234800F071FAC9F30A55C9F313030DB1B4
:10CB100043F480130193B8F1000324D068460093D6
:10CB2000FFF77FFDDDE90012D8B1C0F1200302FA62
:10CB300003F30B43C24063610192019B002B0CBFC6
:10CB400001220222A3612261ADB1A5F23345054461
:10CB50003560C0F13500099B1860204602B0BDE881
:10CB600070836161E9E701A8FFF75BFD019B01228A
:10CB700063612030E7E7A0F2324004EB82033060CB
:10CB80001869FFF72FFDC0EB4210E4E71AD8000840
:10CB90002BD800082DE9F0471F468E688246BE421A
:10CBA0000C4690460B682DD8B1F90C2012F4906F0A
:10CBB00026D06569096905EB4505A3EB010905EB7D
:10CBC000D5757B1C4B446D109D4238BF1D465305E7
:10CBD00027D52946FFF7D2FB064660B34A462169AE
:10CBE000FEF7F9FCA38923F4906343F08003A3814B
:10CBF00026614E4426603E466561A5EB0905A560A9
:10CC0000BE4200D93E4632464146206800F0C2F995
:10CC10000020A3689B1BA360236833442360BDE806
:10CC2000F0872A4600F024FA06460028E0D1504654
:10CC30002169FFF731FB0C23CAF80030A3894FF0BC
:10CC4000FF3043F04003A381E9E700002DE9F04FF6
:10CC500098468B8907461B060D4614469DB010D595
:10CC60000B6973B94021FFF789FB2860286130B94F
:10CC70000C233B604FF0FF301DB0BDE8F08F402328
:10CC80006B610023099320238DF8293030234FF066
:10CC90000109CDF80C80DFF898818DF82A30234601
:10CCA0009A4613F8012B0AB1252AF9D1BAEB040BE5
:10CCB0000BD05B46224629463846FFF76BFF013012
:10CCC00000F0A780099A5A4409929AF80030002B84
:10CCD00000F09F8000234FF0FF32CDE905230AF1D9
:10CCE000010A049307938DF853301A935446052292
:10CCF00014F8011B4E48FEF760FC049AD8B9D00620
:10CD000044BF20238DF85330110744BF2B238DF8E7
:10CD100053309AF800302A2B15D0544600204FF09B
:10CD20000A0C079A214611F8013B303B092B4BD9DD
:10CD3000B0B1079214E0A0EB080309FA03F3134320
:10CD4000A2460493D2E7039B191D1B680391002B95
:10CD5000BBBF5B4242F0020207930793B8BF049245
:10CD600023782E2B0AD163782A2B32D1039B0234ED
:10CD70001A1D1B68039243EAE3730593DFF8B4A01E
:10CD8000032250462178FEF718FC38B14022049B5C
:10CD9000A0EB0A00824013430134049314F8011BF2
:10CDA000062225488DF82810FEF707FC002836D00B
:10CDB000224B1BBB039B073323F00703083303936A
:10CDC000099B334409936AE70C4601200CFB0232AD
:10CDD000A8E700234FF00A0C1946013405932046BA
:10CDE00010F8012B303A092A03D9002BC6D005913F
:10CDF000C4E7044601230CFB0121F0E703AB0093D9
:10CE00002A4638460E4B04A9FDF70AFE421C064688
:10CE1000D6D1AB895B063FF52DAF09982CE703AB64
:10CE200000932A463846064B04A9FEF797F8EDE72B
:10CE300080D9000886D900088AD9000821AA0008EC
:10CE400095CB0008B1F90C20F8B5160705460C463D
:10CE500054D44B68002B02DC0B6C002B48DDE66AD7
:10CE6000002E45D0002312F480522F68216A2B60D7
:10CE700030D0626DA389590705D56368D21A636BF8
:10CE80000BB1236CD21A00232846E66A216AB04708
:10CE9000431CA38906D129681D292BD8284A0A4199
:10CEA000D60727D4002262602269D904226004D503
:10CEB000421C01D12B6803B96065616B2F60B9B169
:10CEC00004F14403994202D02846FFF7E5F9002314
:10CED00063630DE001232846B0470246501CC9D1C8
:10CEE0002B68002BC6D01D2B01D0162B1DD12F6017
:10CEF000002021E043F040031BB21AE00F69002F2D
:10CF0000F6D0930718BF00230E6808BF4B69F61BC5
:10CF10000F608B60002EEBDD33463A462846216ACF
:10CF2000D4F828C0E047002807DCB4F90C3043F0FF
:10CF300040034FF0FF30A381F8BD0744361AE9E7FC
:10CF4000FEFFBFDF38B50B6905460C4613B9002557
:10CF5000284638BD18B1036A0BB9FEF7ABF9B4F92E
:10CF60000C30002BF3D0626ED00704D4990502D4A4
:10CF7000A06DFEF720FB28462146FFF763FF636E96
:10CF80000546DA07E4D4A3899B05E1D4A06DFEF73A
:10CF900013FBDDE7884210B501EB020402D984429D
:10CFA000234607D8431EA14208D011F8012B03F8ED
:10CFB000012FF8E7014602448A4200D110BD13F860
:10CFC000014D02F8014DF7E738B50023054D044641
:10CFD00008462B60F5F77CFE431C02D12B6803B199
:10CFE000236038BD4C4700201FB514461A46094B34
:10CFF00005461B68D86854B9074B1C46CDE9013477
:10D0000000912B46054900F06FF800F07FF8044BC3
:10D01000F4E700BF64000020D6D90008A8D90008B2
:10D020009BD9000870B5A1FB02543CB92946FFF713
:10D03000A5F9064628B90026304670BD0C220260CC
:10D04000F9E72A462146FEF7E2F9F5E782B001B991
:10D0500001A942B14BB113780B601278101E18BFB2
:10D06000012002B070471046FBE76FF00100F8E7BF
:10D070002DE9F041804615460C4621B91146BDE820
:10D08000F041FFF77BB92AB9FFF706F900242046E3
:10D09000BDE8F08100F041F88542064602D8B5EBC4
:10D0A000500FF4D829464046FFF768F90746002894
:10D0B000ECD0B5422A46214628BF3246FEF78BFA0D
:10D0C00021464046FFF7E8F83C46E0E703460846BD
:10D0D00041B1FF2A04D98A224FF0FF301A6070470D
:10D0E00001200A70704700000EB403B5014603AB7F
:10D0F000054853F8042B0068019300F03DF802B096
:10D100005DF804EB03B0704764000020062008B50A
:10D1100000F006FA0120F5F766FD51F8043C181FEF
:10D12000002BBCBF0B58C0187047936810B4013B6C
:10D13000002B936007DA9469A34201DB0A2902D12C
:10D1400010BC00F031B91368581C10601970084603
:10D1500010BC7047F8B506460F461446D518AC42C9
:10D1600001D1002007E03A46304614F8011BFFF7D2
:10D17000DCFF431CF3D1F8BD2DE9F04F0D461446FA
:10D18000984606469DB018B1036A0BB9FEF792F8AF
:10D190006B6ED90705D4AB899A0502D4A86DFEF74A
:10D1A0000AFAAB891B0701D52B699BB92946304682
:10D1B00000F038F970B16B6EDC0704D54FF0FF302A
:10D1C0001DB0BDE8F08FAB899805F7D4A86DFEF7C8
:10D1D000F3F9F3E70023099320238DF82930302356
:10D1E0004FF00109CDF80C80DFF8A8818DF82A30C6
:10D1F00023469A4613F8012B0AB1252AF9D1BAEB36
:10D20000040B0BD05B46224629463046FFF7A2FFAF
:10D21000013000F0A780099A5A4409929AF8003028
:10D22000002B00F09F8000234FF0FF32CDE9052353
:10D230000AF1010A049307938DF853301A93544668
:10D24000052214F8011B5348FEF7B7F9049AD8B920
:10D25000D10644BF20238DF85330130744BF2B233E
:10D260008DF853309AF800302A2B15D05446002000
:10D270004FF00A0C079A214611F8013B303B092B6D
:10D280004BD9B0B1079214E0A0EB080309FA03F3FD
:10D290001343A2460493D2E7039B191D1B68039115
:10D2A000002BBBBF5B4242F0020207930793B8BF5B
:10D2B000049223782E2B0AD163782A2B32D1039B38
:10D2C00002341A1D1B68039243EAE3730593DFF8E7
:10D2D000C8A0032250462178FEF76FF938B14022EA
:10D2E000049BA0EB0A00824013430134049314F81A
:10D2F000011B062229488DF82810FEF75EF9002848
:10D300003FD0274B1BBB039B073323F00703083396
:10D310000393099B3B4409936AE70C4601200CFBED
:10D320000232A8E700234FF00A0C19460134059396
:10D33000204610F8012B303A092A03D9002BC6D019
:10D340000591C4E7044601230CFB0121F0E703AB80
:10D3500000932A463046134B04A9FDF761FB0746AC
:10D36000781CD6D16B6ED90705D4AB899A0502D447
:10D37000A86DFEF721F9AB895B063FF51FAF099851
:10D380001EE703AB00932A463046064B04A9FDF77F
:10D39000E5FDE4E780D9000886D900088AD90008AD
:10D3A00021AA000855D10008F8B50E4614460546D6
:10D3B00018B1036A0BB9FDF77DFFA369A360A389C8
:10D3C0001A0701D5236943B92146284600F02AF8F7
:10D3D00018B14FF0FF373846F8BD23682269F6B21E
:10D3E000981A63693746834205DC21462846FFF7D1
:10D3F000A9FD0028EDD1A368013BA36023685A1C56
:10D4000022601E706269431C9A4204D0A389DB0724
:10D41000E1D50A2EDFD121462846FFF793FD0028EB
:10D42000D9D0D6E738B5294B054618680C4618B14F
:10D43000036A0BB9FDF73EFFB4F90C30190722D48B
:10D44000DA0607D409222A6043F040034FF0FF3088
:10D45000A38133E0580712D5616B41B104F1440355
:10D46000994202D02846FEF717FF00236363A38981
:10D4700023F02403A3810023636023692360A3892D
:10D4800043F00803A38123694BB9A38903F42073F4
:10D49000B3F5007F03D02146284600F082F8B4F9A6
:10D4A0000C3013F001020AD00022A26062695242DD
:10D4B000A261226942B913F08000C5D138BD990735
:10D4C00058BF6269A260F4E70020F7E7640000201B
:10D4D0001F2938B505460C4604D9162303604FF0C2
:10D4E000FF3038BDC26B12B152F821304BB928461B
:10D4F00000F030F8224601462846BDE8384000F0EA
:10D5000017B8012B0AD0591C03D116230360012040
:10D51000E7E70021204642F8241098470020E0E782
:10D52000024B01461868FFF7D3BF00BF640000201C
:10D5300038B50023064D0446084611462B60F5F722
:10D5400042FB431C02D12B6803B1236038BD00BFEE
:10D550004C470020F5F730BB70B50C46B1F90E1002
:10D56000154600291E4696B00CDAA389002113F057
:10D57000800F14BF40234FF48063002031602B6084
:10D5800016B070BD6A4600F049F80028EDDB01993D
:10D5900001F47041A1F50053594259414FF48063A1
:10D5A000EBE78B89F7B59D0706460C4607D504F1D6
:10D5B0004703236023610123636103B0F0BD6A4622
:10D5C00001ABFFF7C9FF009F054639463046FEF71D
:10D5D000D5FE48B9B4F90C309A05EED423F0030314
:10D5E00043F00203A381E2E7A389C4E9040743F0FF
:10D5F0008003A381019B20605BB13046B4F90E101B
:10D6000000F01EF828B1A38923F0030343F00103BF
:10D61000A381A3891D43A581CFE7000038B500236E
:10D62000064D0446084611462B60F5F72BFB431CBC
:10D6300002D12B6803B1236038BD00BF4C470020E6
:10D6400038B50023054D044608462B60F5F729FB45
:10D65000431C02D12B6803B1236038BD4C47002026
:10D66000F8B500BFF8BC08BC9E467047F8B500BFCF
:08D67000F8BC08BC9E4670479F
:10D67800496E70757420546872656164000000001A
:10D6880052656D6F746520546872656164000000AE
:10D698002564000064656661756C745461736B0081
:10D6A80049444C4500000000546D722053766300D5
:10D6B800546D72510000000078D600080000000088
:10D6C800000000000000000000000000000400004E
:10D6D80018000000000000000000000088D60008C4
:10D6E8000000000000000000000000000000000032
:10D6F80000040000200000000000000000000000FE
:10D708009CD6000800000000000000000000000097
:10D7180000000000000200001800000000000000E7
:10D7280000000000000000000000000001020304E7
:10D7380006070809000000000102030402030405AB
:10D74800060708090A0B0C0D0E0F10100102000045
:10D7580002030405060708090A0B0C0D0E0F10102A
:10D768000102494E4600696E66004E414E006E61E8
:10D778006E00300030313233343536373839414273
:10D788004344454600303132333435363738396111
:10D79800626364656600496E66696E697479004EF5
:10D7A800614E005245454E54206D616C6C6F63208C
:10D7B800737563636565646564002F6275696C647D
:10D7C8002F676E752D746F6F6C732D666F722D7366
:10D7D800746D33325F31322E332E72656C312E32D6
:10D7E800303234303631322D313331352F73726364
:10D7F8002F6E65776C69622F6E65776C69622F6C26
:10D808006962632F7374646C69622F64746F612E2C
:10D81800630042616C6C6F63207375636365656454
:10D828006564002F6275696C642F676E752D746F5F
:10D838006F6C732D666F722D73746D33325F313276
:10D848002E332E72656C312E32303234303631320E
:10D858002D313331352F7372632F6E65776C6962A2
:10D868002F6E65776C69622F6C6962632F737464BD
:10D878006C69622F6D707265632E6300050000008D
:10D88800190000007D0000000080E03779C34143A3
:10D89800176E05B5B5B89346F5F93FE9034F384D0E
:10D8A800321D30F94877825A3CBF737FDD4F1575BA
:10D8B800000000000000F03F0000000000002440CD
:10D8C80000000000000059400000000000408F40A8
:10D8D800000000000088C34000000000006AF84013
:10D8E8000000000080842E4100000000D012634137
:10D8F8000000000084D797410000000065CDCD41AD
:10D90800000000205FA00242000000E8764837428D
:10D91800000000A2941A6D42000040E59C30A2422B
:10D928000000901EC4BCD64200003426F56B0C43A0
:10D938000080E03779C3414300A0D8855734764347
:10D9480000C84E676DC1AB43003D9160E458E143A8
:10D95800408CB5781DAF154450EFE2D6E41A4B441D
:10D9680092D54D06CFF08044F64AE1C7022DB54462
:10D97800B49DD9794378EA44232D302B2000686C74
:10D988004C00656667454647004300504F53495869
:10D99800002E002C2066756E6374696F6E3A200045
:10D9A800617373657274696F6E2022257322206615
:10D9B80061696C65643A2066696C6520222573226A
:10D9C8002C206C696E65202564257325730A000078
:10D9D8002020202020202020202828282828202017
:10D9E800202020202020202020202020202020202F
:10D9F80088101010101010101010101010101010A7
:10DA08000404040404040404040410101010101086
:10DA1800104141414141410101010101010101015F
:10DA28000101010101010101010101101010101093
:10DA38001042424242424202020202020202020230
:10DA48000202020202020202020202101010102058
:10DA580000000000000000000000000000000000BE
:10DA680000000000000000000000000000000000AE
:10DA7800000000000000000000000000000000009E
:10DA8800000000000000000000000000000000008E
:10DA9800000000000000000000000000000000007E
:10DAA800000000000000000000000000000000006E
:10DAB800000000000000000000000000000000005E
:10DAC800000000000000000000000000000000004E
:08DAD8005827FF7F0100000048
:04DAE0001502000823
:04DAE400F101000844
:10DAE800001001400400000100100140080000017E
:10DAF800001001402000000100100140100000014A
:10DB080000100140800000010010014000010001E8
:10DB18000010014000040001001001400002000153
:10DB2800000C0140010001000024F4001000000076
:10DB380001000000AAAAAAAA000000000300000031
:10DB48001046002068000020000000001046002059
:10DB580078460020E0460020000000000000000099
:10DB680000000000000000000000000000000000AD
:10DB7800000000000000000000000000000000009D
:10DB8800000000000000000000000000000000008D
:10DB9800000000004300000000000000000000003A
:10DBA800000000000000000000000000000000006D
:10DBB800000000004300000000000000000000001A
:10DBC800000000000000000000000000000000004D
:10DBD80000000000430000000000000000000000FA
:10DBE800000000000000000000000000000000002D
:10DBF80000000000430000000000000000000000DA
:10DC0800000000000000000000000000000000000C
:10DC180000000000430000000000000000000000B9
:10DC280000000000000000000000000000000000EC
:10DC38000000000043000000000000000000000099
:10DC480000000000000000000000000000000000CC
:10DC58000000000043000000000000000000000079
:10DC680000000000000000000000000000000000AC
:10DC780000000000CDD000084DD0000800000000D2
:10DC8800D7D9000899D90008D6D90008D6D90008EC
:10DC9800D6D90008D6D90008D6D90008D6D90008A0
:10DCA800D6D90008D6D90008D6D90008FFFFFFFF4B
:10DCB800FFFFFFFFFFFFFFFFFFFF000001004153D1
:10DCC8004349490000000000000000000000000077
:10DCD80000000000000000000000000000004153A8
:10DCE8004349490000000000000000000000000057
:10DCF800000000000000000000000000000000001C
:04000005080030D5EA
:00000001FF
